tempo,chroma_stft,rmse,spectral_centroid,spectral_bandwidth,rolloff,zero_crossing_rate,mfcc1,mfcc2,mfcc3,mfcc4,mfcc5,mfcc6,mfcc7,mfcc8,mfcc9,mfcc10,mfcc11,mfcc12,mfcc13,mfcc14,mfcc15,mfcc16,mfcc17,mfcc18,mfcc19,mfcc20,mfcc_delta1,mfcc_delta2,mfcc_delta3,mfcc_delta4,mfcc_delta5,mfcc_delta6,mfcc_delta7,mfcc_delta8,mfcc_delta9,mfcc_delta10,mfcc_delta11,mfcc_delta12,mfcc_delta13,mfcc_delta14,mfcc_delta15,mfcc_delta16,mfcc_delta17,mfcc_delta18,mfcc_delta19,mfcc_delta20,tonnetz1,tonnetz2,tonnetz3,tonnetz4,tonnetz5,tonnetz6,tonnetz7,tonnetz8,tonnetz9,tonnetz10,spectral_contrast1,spectral_contrast2,spectral_contrast3,spectral_contrast4,spectral_contrast5,spectral_contrast6,spectral_contrast7,spectral_contrast8,spectral_contrast9,spectral_contrast10,spectral_contrast11,spectral_contrast12,spectral_contrast13,filename_label,manele
112.3471467,0.37527424,0.47066778,0.41964936,0.48781732,0.38037696,0.33975944,0.39816028,0.3799615,0.43103474,0.3246151,0.33537433,0.37384987,0.18007623,2638.256395,2757.357449,5905.281082,0.106842912,-70.816925,74.95482,7.1446223,20.664503,6.0814266,6.8996525,-0.9231522,4.9623713,-2.558476,6.5139937,0.7984618,7.741333,-0.57757616,0.8601454,0.11541353,2.621808,-2.900004,4.666848,-2.161979,-0.17012268,0.0,5.55e-10,-1.11e-09,4.03e-09,-1.11e-09,0.0,-1.81e-09,-9.72e-10,-6.25e-10,-8.33e-10,-5.55e-10,4.17e-10,3.47e-10,-2.01e-09,-4.17e-10,-2.08e-10,3.82e-10,-1.15e-09,5.55e-10,-3.47e-10,-0.037473258,-0.052136179,-0.011359698,0.000953092,0.017742017,0.014841557,17.64713282,14.79823937,18.26519929,17.78459518,18.08608562,18.03515279,47.42812968,1.0
99.38401442,0.39274025,0.28873196,0.37185866,0.28944892,0.41973466,0.41259313,0.26049748,0.3153694,0.32065746,0.47135836,0.38738406,0.3085217,0.26418647,2702.02256,2740.720911,5780.34328,0.121486743,-41.295742,75.74374,16.198612,25.364754,6.911274,7.091244,-1.7466959,-1.744868,-2.824316,-0.6304061,-6.029959,-2.0066738,-3.514823,-0.4053396,-5.453732,3.422468,-4.703808,-2.1310914,-2.7944226,2.5966334,-8.58e-05,-0.00012239,-0.00012554,-0.000130418,-0.000136485,-0.000143074,-0.000149445,-0.000154851,-0.000158614,-0.000160186,-0.000159208,-0.000155523,-0.000149215,-0.000140571,-0.000130071,-0.00011832,-0.000106011,-9.38e-05,-8.24e-05,-7.23e-05,0.076764941,0.108873375,-0.038939707,0.003411186,0.001646799,0.000113816,18.99926312,15.46411941,19.39801966,18.92362381,19.99948149,19.27568705,48.08198729,1.0
89.10290948,0.43121147,0.33985183,0.45428446,0.37217346,0.42724425,0.3956522,0.30018267,0.37031907,0.3640894,0.46335164,0.40819895,0.4027513,0.21851344,2423.837786,2501.974045,5288.584737,0.093940836,-82.232155,70.01634,-3.545729,16.36763,0.16601662,4.826685,-0.6859917,4.8324866,0.9891208,6.814219,1.3477163,1.1279467,0.57255274,1.6228416,-2.6714928,1.3221244,-2.805268,-1.4065741,-0.8691382,1.848091,-5.39e-09,2.02e-09,1.6e-09,8.42e-10,3.37e-10,-3.37e-10,-6.74e-10,1.68e-10,1.1e-09,-1.35e-09,9.27e-10,5.9e-10,-9.27e-10,7.58e-10,3.37e-10,4.21e-10,0.0,-2.95e-10,1.77e-09,6.74e-10,0.044932276,0.057186908,-0.022777362,-0.006889436,-0.000647449,0.006905566,20.26589207,15.14446112,17.61069816,16.74882813,17.78556751,17.74601798,45.98031735,1.0
151.9990809,0.37157252,0.40058663,0.36322665,0.41920575,0.32360172,0.41263598,0.38272122,0.33882296,0.39198482,0.39013162,0.46228245,0.3921654,0.10949787,2325.492468,2423.004472,5032.343923,0.113108357,-131.52487,82.27004,-4.901181,15.498342,-0.7147546,7.955039,-1.0810839,4.3362494,-5.08236,5.540952,0.20131826,0.23374236,0.37486157,-0.53838545,-3.8271766,0.10641113,-7.139803,-2.618349,-2.7098236,-0.88926786,1.9e-08,1.78e-09,1.04e-09,5.94e-10,1.48e-10,-3.71e-09,1.48e-10,6.68e-10,-4.3e-09,5.94e-10,0.0,-2.23e-09,9.65e-10,8.91e-10,1.48e-10,7.42e-11,-8.91e-10,0.0,-8.91e-10,7.42e-11,-0.062129734,-0.010908602,-0.018452458,-0.01724315,0.002670254,0.002881074,16.72404864,14.61466186,17.37514289,17.05852862,17.4030538,17.64120139,46.6850993,1.0
112.3471467,0.42532837,0.40841776,0.5271539,0.3711457,0.38860628,0.44738972,0.3689504,0.4582686,0.39114916,0.44389546,0.39337867,0.40869725,0.27440512,2637.225119,2637.923398,5633.356507,0.110879838,-29.17327,70.97885,-4.899925,24.702692,7.836711,9.753623,3.909086,7.248981,-1.1823238,10.181237,2.184327,1.9948304,0.9116734,1.1718191,-3.5753703,4.1713634,0.10511084,2.5161333,1.4051876,4.1387186,0.0,-6.98e-10,-6.11e-10,-1.22e-09,1.22e-09,5.24e-10,-5.24e-10,6.98e-10,-8.73e-10,-8.73e-11,3.05e-10,1e-09,5.67e-10,-6.98e-10,1.75e-10,5.24e-10,-8.73e-10,1.75e-10,-8.73e-11,6.11e-10,0.050776,0.078140914,-0.011507023,-0.036907933,-0.00413051,-0.012026989,18.14310654,14.01797288,18.2908259,18.02373277,18.74915505,19.15392707,48.60343537,1.0
151.9990809,0.44419417,0.37224948,0.30189052,0.35577738,0.3180709,0.45513365,0.31586364,0.42366192,0.42798108,0.3613103,0.42776468,0.3405007,0.17467399,3022.060635,2804.026493,6278.050107,0.146772227,-55.89168,60.296864,1.1879128,24.568617,-0.18164577,0.15079044,1.4521306,-2.2948215,-5.1507955,9.097581,-1.9581487,-5.952903,2.220094,-1.6486876,-7.1792307,2.802417,-0.3512808,0.56620455,2.4050465,1.1277121,-0.004641466,4.54e-06,-0.00131295,-0.001941743,-0.000844447,0.000151831,-0.000330213,-0.000768375,-0.000145467,0.000433162,-0.000524506,-0.000637493,-0.001032218,-0.000625345,0.000599132,-0.00047977,-0.001068547,-0.001318981,0.000473154,-6.24e-06,-0.061931827,0.05259322,-0.011745033,0.015514948,4.33e-05,-0.000120472,18.58905993,15.40250342,18.90283219,18.30257511,19.37167195,19.46582109,45.92194127,1.0
112.3471467,0.2692198,0.27887928,0.42892155,0.38323227,0.38240835,0.4622606,0.39880726,0.5228725,0.42717314,0.48974076,0.33489436,0.22948967,0.21294199,2807.501514,2717.767866,5911.50729,0.136139141,-50.27717,70.019424,3.3268862,21.956215,0.41341397,9.932169,3.3897898,1.7431355,-5.153193,6.928529,-0.35188094,-6.515793,0.027993646,-3.6268132,-6.831405,1.377617,-4.721174,-0.7240227,-2.3400738,-3.719558,-0.004224687,-0.000182184,-0.000149856,-0.000391553,-8.15e-06,0.000194306,0.000177368,-0.000226217,2.35e-05,8.9e-05,-6.8e-05,7.63e-05,-6.26e-05,-8.33e-05,0.000215759,-0.000144563,0.000160927,-0.000103219,6.84e-05,-2.36e-05,0.001081972,0.054914823,0.003022903,0.002036173,-0.007392758,-0.007382469,19.68037011,14.81671906,17.37802647,17.66689856,19.22622694,19.54997744,46.55544846,1.0
151.9990809,0.41665682,0.29763445,0.35545525,0.31340623,0.44328338,0.40731737,0.37446335,0.49697807,0.4590278,0.5679186,0.35194045,0.3841961,0.19821607,2304.248899,2496.463402,4995.714402,0.091680867,-73.5648,85.87016,-4.313145,24.198225,3.5577416,9.728507,0.82806915,6.647028,-2.6015844,9.605098,3.860863,0.3462339,6.010227,9.03629,0.50528055,8.46493,4.792973,3.8045585,2.4684796,2.4447498,0.006712586,0.006818276,0.001800519,0.000444952,0.001328846,0.001169052,0.001493957,0.001642619,0.001026726,0.000628052,0.000503524,0.000481849,0.000422935,0.000119612,-0.000246668,-0.000461388,-0.000155275,0.000157854,-0.000337815,-0.000545356,0.075859792,0.05988822,-0.048164912,0.050302717,0.000376725,0.024237027,19.12250892,14.63838421,18.87176991,18.08749797,19.73242672,19.63139139,49.1177618,1.0
123.046875,0.26826382,0.25441903,0.25992653,0.30421433,0.27708054,0.46485665,0.2909812,0.4025568,0.47149375,0.31983978,0.37757167,0.24940039,0.17519298,3058.143565,3150.073008,7354.676638,0.120148591,-88.03038,71.37894,20.568405,10.505051,15.618521,5.55871,9.850754,-2.7156034,-0.06603672,8.222131,-7.176889,2.0348558,-7.215245,1.6393416,-5.0328465,1.6547352,3.0655868,8.145152,3.6668365,3.0329566,-0.011050558,0.002128417,0.001314911,-9.35e-05,-0.000906878,-0.001743172,-0.000571925,-0.000429021,-0.000448881,-0.001121197,0.001074107,0.000414609,-0.000234553,0.000493635,0.000497776,-0.000127849,0.000588511,-0.000891736,0.001793879,0.000360346,-0.121647218,0.054312095,-0.037490772,-0.003236022,0.004930691,-0.021810075,20.34002788,16.4224148,20.6381404,19.47743142,19.50323359,18.56513331,48.75734167,1.0
123.046875,0.3499268,0.3232259,0.42191273,0.34766978,0.50783485,0.32152948,0.39260468,0.36627734,0.2514706,0.2989159,0.28428718,0.3743803,0.15785372,2734.220987,2790.034252,6044.516339,0.109431475,-110.076836,76.17159,8.507909,11.91257,4.571939,3.487946,-6.208843,-0.134122,-4.442983,0.6132838,0.75639194,2.935037,-8.525099,-2.275789,-7.49752,-4.006474,-7.696112,6.497087,-0.79154515,6.358325,-0.055416163,-0.012345225,0.000115011,-0.003785529,0.000517898,0.000901116,-0.001306782,-0.002735252,-0.000135801,-0.001343036,-0.000695674,0.000678031,0.001890832,-0.001158364,-0.000458129,-0.000183847,-0.000923389,-0.00170075,-0.000501414,-0.000606029,0.104819747,-0.00555474,0.025172568,0.031262246,0.008127044,-0.000381613,20.76840089,16.20312681,19.65818401,18.78491311,19.14527536,17.85240684,48.0458446,1.0
129.1992188,0.22621891,0.26213768,0.20836209,0.32223484,0.4264951,0.281098,0.33802223,0.2704121,0.43543515,0.3417494,0.24364977,0.28765613,0.19020492,2801.915984,2948.032865,6502.412273,0.110011999,-79.83641,75.934906,22.350151,18.156166,9.889878,11.086929,1.9958048,2.0388808,-1.7474406,6.603034,-8.529541,-0.96255213,-6.741258,0.8887938,-3.7499402,2.1840198,0.11500483,5.054411,1.5873966,2.2850068,-7.22e-06,7.23e-06,0.000193924,-0.000100488,-0.000130455,0.000102539,-0.000155895,-8.3e-06,8.29e-05,-7.25e-05,4.39e-05,0.000181628,-9.79e-05,-4.85e-05,0.000170235,-8.23e-05,-0.000170629,6.43e-05,-3.09e-05,-9.03e-05,0.018194831,-0.146594284,0.018746568,0.017735561,0.005413878,0.006840971,20.71458519,16.56418465,20.65678715,19.85193064,19.83731506,17.76399224,49.28554818,1.0
112.3471467,0.42088053,0.346093,0.5223077,0.4088087,0.4565635,0.40610078,0.37549645,0.42662218,0.32723606,0.355868,0.2781085,0.33803603,0.18679683,2707.899972,2746.667311,5901.13262,0.112334628,-68.24773,72.63824,-0.6682282,20.524506,7.640104,2.5092137,3.129052,2.2898257,-5.6566253,8.342465,-4.3340044,3.0525453,-2.8026752,0.10468423,-4.500478,-2.7071226,-3.900952,1.8058814,0.4169802,6.738337,-0.03315768,-0.002770876,-0.001431644,-0.001827797,-0.000779559,-0.000837624,0.000161832,0.000467952,0.001002403,-0.001040818,-0.000187255,0.000423101,0.000305003,-0.000312212,-0.001324713,0.000488777,0.000550189,-0.000839671,0.000342918,-6.85e-05,0.048510802,0.057407587,0.043315331,-0.003782403,-0.001564743,-0.002527485,21.07689502,16.32688197,18.8035825,17.99203336,18.86889483,18.81002572,47.98852521,1.0
161.4990234,0.4121602,0.3087071,0.34751496,0.38838705,0.40746093,0.53972137,0.39208478,0.4201206,0.40434936,0.35301417,0.35306764,0.32645482,0.26707068,2778.36915,2822.310562,6236.95332,0.12628884,-6.7668915,76.70733,2.7266612,5.6457767,-0.071994275,6.065454,-3.81309,4.302905,-3.6655667,5.34147,0.4892522,5.4967675,-3.9798417,1.1253788,-1.1646395,3.076991,-0.5646259,6.2767987,2.515814,5.18482,9.58e-09,1.8e-09,-1.12e-09,8.23e-10,3.74e-10,8.61e-10,4.49e-10,5.99e-10,-8.98e-10,-6.55e-10,1.27e-09,-1.2e-09,4.49e-10,1.12e-10,-1.2e-09,-7.48e-11,6.73e-10,-5.99e-10,-1.38e-09,-5.24e-10,-0.036354003,0.041226195,-0.018445293,0.026683383,-0.006781866,0.004179385,16.01018616,14.10523867,17.50811948,16.5558702,18.51556944,18.23779269,47.76117811,1.0
117.4538352,0.36793324,0.35091147,0.3194078,0.44301012,0.2791246,0.28468922,0.20895396,0.31517756,0.4023951,0.2873091,0.32291177,0.24934018,0.15717156,2312.616148,2683.636551,5398.500277,0.0813216,-111.74273,92.11394,18.300592,16.89425,8.918265,11.713803,-1.9021407,7.989846,-1.1357607,-0.9915387,1.3700114,-0.60344654,-2.7987754,-1.5581388,-5.1261406,-0.11031813,-7.6149817,0.94817483,-2.7899945,-2.4176939,0.000350497,0.00038793,0.000202845,0.000132668,0.000156364,0.000143627,5.01e-05,-8.91e-05,-0.00021576,-0.000271533,-0.000258205,-0.000234181,-0.00021852,-0.000197277,-0.000190689,-0.000186986,-0.000109624,2.58e-05,8.51e-05,4.66e-05,-0.162803147,0.040061818,-0.006932226,0.068820437,-0.00688233,0.005017456,19.96657252,16.56804698,19.71547089,18.96958022,18.78357704,17.16684092,47.04927834,1.0
95.703125,0.4934266,0.43833244,0.340372,0.4354272,0.45278424,0.6139052,0.43390194,0.41915712,0.40635464,0.36289498,0.35251936,0.33979744,0.20637594,2828.754722,2852.726803,6189.080143,0.099871741,-96.845436,67.1237,10.173536,16.084887,15.561537,13.22851,6.5201826,5.34359,-2.7855444,7.8415565,-1.6226684,2.4670131,-0.73225707,1.0293068,-6.1797643,2.166943,-2.840162,1.4600712,3.5244737,10.375895,0.001473255,0.002032781,0.001656917,0.000952049,0.000519047,0.000557186,0.000498517,3.96e-05,-0.000440671,-0.000609846,-0.00056551,-0.000549077,-0.000682022,-0.000850974,-0.000816067,-0.000550291,-0.00025643,-6.09e-05,3.08e-07,-7.85e-05,-0.017041913,0.039854203,-0.071113124,0.085656874,-0.001371594,-0.01601081,23.1202324,16.47082465,18.5371606,18.32850865,18.44039377,17.34150809,47.22755623,1.0
143.5546875,0.37660795,0.45128503,0.40810043,0.30929968,0.30102763,0.2926384,0.36965093,0.32060325,0.41242135,0.4547146,0.36858654,0.4549767,0.20859121,2251.329337,2498.855332,4910.207737,0.066016089,-166.66066,85.14525,29.234875,24.550543,7.696988,8.699368,1.9543263,3.7962275,5.4783974,2.3987315,-7.2960114,1.9583902,3.745288,2.5584822,2.6513948,8.563981,-3.0006728,1.7779932,-0.05150874,-0.122621246,0.008210468,0.000612875,-0.002692231,-0.000181939,-0.001755707,-0.000749797,-0.000566246,-3.89e-05,0.000542072,0.000170566,3.11e-05,-0.000772802,0.000181162,-0.000701498,0.000110515,2.59e-05,-0.000228582,0.000173624,0.000148542,0.000766466,0.074934181,-0.187433719,0.051381713,-0.18073114,-0.033214167,0.029320625,23.95743901,17.27682793,21.74516413,22.69524618,22.76119185,20.44679841,47.8007982,1.0
107.6660156,0.46468684,0.32228026,0.400988,0.41399565,0.29656258,0.2891499,0.31107035,0.45006812,0.41951805,0.38638222,0.4089033,0.36839658,0.25204906,2939.319571,2906.602212,6436.81233,0.111852962,-52.1608,60.453545,15.047467,26.73332,9.872857,9.5857,3.7967033,1.9029126,-4.6987143,4.472205,-1.9735386,3.3040752,2.3459392,5.027396,-0.76582676,5.358571,-0.73275477,2.5294845,-2.650182,2.7368565,0.006075419,0.00532321,0.002958526,0.003533717,0.000746878,-0.000225174,-0.000176303,-0.001301546,-0.000862013,-0.00050137,-0.000587275,-0.001756392,-0.0013197,0.000309415,0.000212859,-0.000265681,-0.001005469,-0.000713398,-0.000629971,-0.001044416,-0.021136864,0.084192296,0.049810611,-0.004347163,0.003198634,-0.000708115,21.84636933,16.50805132,19.24457134,17.69222574,18.31436526,17.62147379,47.50744388,1.0
143.5546875,0.65384656,0.4851312,0.3557811,0.37311575,0.467245,0.42977616,0.38672805,0.4780086,0.4079941,0.37081298,0.44478577,0.5042281,0.252265,2702.021015,2773.248355,5968.060014,0.098339443,-52.439056,71.817505,7.3824477,22.455507,3.8255215,11.409032,4.4334135,7.007273,-0.3622428,8.270562,1.9075234,4.611525,3.9394271,5.9312234,-1.4205761,2.8319647,-1.8158199,1.9637995,-1.0964916,6.4418063,9.88e-09,-2.88e-09,-2.06e-09,-2.47e-09,1.13e-09,-6.17e-10,1.29e-09,-1.65e-09,7.72e-10,0.0,2.06e-10,-2.06e-10,1.29e-09,1.03e-10,2.06e-10,-1.23e-09,7.72e-11,6.17e-10,7.2e-10,8.23e-10,-0.015044831,0.045073425,0.06179169,0.055538627,0.019447171,0.01323156,19.41218724,14.66858454,16.86726529,16.62330076,16.93697636,16.57550476,47.23703807,1.0
89.10290948,0.39757982,0.31425297,0.40182552,0.3020143,0.40418467,0.39913628,0.26944053,0.363779,0.32769293,0.44034806,0.3479248,0.31951204,0.2277251,2888.27242,2861.248932,6397.014936,0.117854259,-51.850475,66.19321,12.385045,21.444193,5.2188373,14.470053,2.080566,6.1294165,-1.9251386,4.9855576,-1.2878639,3.5872009,-3.1527462,0.13407116,-8.35207,2.435185,-5.770635,0.7214859,-4.015604,2.345397,0.000392715,-0.00012919,0.000251865,-0.000272552,-0.000185715,-0.000263796,-0.000285042,-0.000222467,-0.000228874,-0.000126547,-6.33e-05,0.000145632,-0.000128803,7.92e-06,-0.000506605,-0.000198904,-0.000263839,7.93e-05,0.000156005,0.000130419,0.041020017,0.071325828,-0.035295647,-0.004027977,0.001382372,0.002181425,20.83656333,16.82428856,19.58133372,19.3883369,19.06935601,17.31814474,49.52716976,1.0
172.265625,0.32088563,0.3219559,0.4186158,0.3645685,0.42998502,0.45608696,0.38061136,0.43017223,0.42175758,0.52909684,0.40353212,0.3307078,0.2516259,2690.405742,2884.349966,6166.42215,0.098472404,-71.49181,69.665474,12.787097,17.570526,10.166288,5.641599,5.6332393,7.59668,-1.0762268,9.633794,0.44280013,2.3811917,1.3160208,3.7320957,1.4920988,7.0743966,3.5366845,8.290261,3.7671201,7.1965866,-2.14e-06,-3e-06,-2.97e-06,-2.93e-06,-2.87e-06,-2.8e-06,-2.71e-06,-2.61e-06,-2.49e-06,-2.36e-06,-2.22e-06,-2.06e-06,-1.9e-06,-1.71e-06,-1.52e-06,-1.32e-06,-1.11e-06,-8.88e-07,-6.6e-07,-4.29e-07,0.024885841,0.01900868,-0.021302903,-0.025362657,0.000517646,0.003684528,18.57344865,15.17447394,18.29162605,17.91508578,18.25791722,17.81629473,46.66049909,1.0
95.703125,0.49896148,0.42606848,0.3414684,0.4372977,0.45935506,0.61197335,0.42326722,0.41878977,0.40358925,0.35895845,0.35056204,0.3421475,0.2059219,2813.553426,2844.62953,6152.485087,0.098668041,-98.637985,66.73582,9.899173,16.274593,15.380397,13.209584,6.417192,5.174679,-2.7878056,7.660738,-1.7559143,2.328109,-0.9158963,0.82746196,-6.373199,1.9285558,-2.948206,1.3288925,3.43155,10.229328,0.001262866,0.001775598,0.001543841,0.00099642,0.000539016,0.000430988,0.000365489,5.17e-05,-0.000353555,-0.000586936,-0.000617959,-0.000590905,-0.000648152,-0.000759815,-0.000734821,-0.000513976,-0.000271308,-0.000130349,-6.15e-05,-4.6e-05,-0.019729645,0.038050329,-0.076332445,0.083119859,-0.003054922,-0.015791141,25.03377196,16.78263131,18.73048535,18.55800955,18.79387167,17.64696127,45.9151408,1.0
143.5546875,0.3397737,0.27739233,0.41694,0.35696933,0.23986955,0.33906275,0.2980194,0.4571705,0.24090141,0.23748986,0.27104777,0.2503027,0.18226469,2866.953951,2877.374675,6475.473522,0.121119169,-58.51412,67.60166,7.773687,12.14142,-1.3505243,8.119533,-3.2730675,2.345717,-2.103171,8.329633,2.8686252,5.96051,1.4807863,1.6243286,-3.4392555,-1.4514091,-1.1514877,4.9820323,0.9913289,5.2788477,0.000463452,0.000663053,0.000916442,-0.001573322,0.000154039,0.000626675,-0.000560919,-0.000383168,0.000333136,0.00044417,4.61e-05,-0.000269588,-0.000531321,-0.000357908,-0.000368675,-0.000414012,-0.000369443,-8.03e-05,0.000273597,0.00035201,0.00286864,0.080824101,0.017564416,-0.042155013,0.014271941,0.003990206,16.54502594,14.90006452,19.84498755,18.44647288,19.13796889,17.78401661,47.76916375,1.0
184.5703125,0.40875086,0.44150987,0.3385011,0.43129873,0.3139696,0.43310323,0.38722053,0.34455308,0.43316895,0.37990016,0.39451107,0.31031793,0.20024943,3099.940206,2892.635799,6579.299927,0.138633586,-47.485645,59.83179,7.573693,22.183952,3.2279024,7.431891,1.8485442,4.403994,-0.018386794,6.0728703,4.2067585,4.398285,0.8667633,0.9111767,-5.033986,-0.9429058,-5.67759,0.45915768,-1.9690403,3.5398552,-0.004605687,-0.001424211,0.001582316,0.000541474,0.001000624,0.000434432,0.000263167,0.000184891,0.000169706,6.21e-05,0.000128866,7.71e-05,0.000214076,0.000499124,0.000206954,0.000255105,0.000346776,0.000111607,-5.67e-05,-0.000182932,-0.085951899,-0.02265508,-0.064199112,-0.000712969,0.001255096,0.009199134,17.72323053,14.97035338,18.48792001,17.48621443,18.17573466,18.23835729,47.469881,1.0
143.5546875,0.27122262,0.36474296,0.50967246,0.3433815,0.33618617,0.3545432,0.5145607,0.6882437,0.44328487,0.28080556,0.26215196,0.2781714,0.22816144,2307.290968,2735.142892,5417.397091,0.084068638,-87.59869,88.735374,25.899416,19.660444,9.509631,10.4244175,5.278949,7.5153365,0.56814384,6.8737288,2.958572,5.479777,-0.7069807,0.7223674,-1.15318,0.3825726,-2.9305136,4.4855433,-4.457158,-0.7182962,-0.002329324,-0.002573186,-0.001190242,-0.000376374,-0.000293021,-0.000328864,-0.000236428,-0.000191926,-0.000195688,-9.29e-05,7.38e-05,0.000162598,0.00017619,0.000177949,0.000156012,9.13e-05,1.72e-05,-2.61e-05,-2.29e-05,5.01e-08,0.032900276,0.059981963,0.057721574,-0.039187327,-0.002425251,-0.01347284,17.67918431,16.83288611,19.27560639,18.60213764,18.08505799,17.25798505,47.79997444,1.0
112.3471467,0.536802,0.36672541,0.43582398,0.44493166,0.28902677,0.2947791,0.27871212,0.43601766,0.37837484,0.37439156,0.44236755,0.38480175,0.178945,3069.891806,2971.566449,6853.656276,0.130500622,-71.4218,67.62659,11.832189,9.140611,1.9493145,2.092301,0.39460927,2.0376842,-8.867236,2.2675123,-5.5744615,1.6076332,-3.7905467,1.6990552,-0.06654354,1.7249943,-1.6095308,1.490985,-1.5640492,1.2014682,-4.06e-09,1.02e-09,2.79e-09,-2.03e-09,1.02e-09,-3.81e-10,4.44e-10,-1.27e-09,8.89e-10,-7.62e-10,-1.08e-09,6.35e-10,-5.08e-10,-3.81e-10,0.0,4.44e-10,1.84e-09,1.4e-09,1.14e-09,-8.89e-10,-0.028163836,0.064128947,0.008274038,0.060103983,-0.003347819,-0.008141232,18.68320936,15.53185091,17.4341819,16.75459574,17.16843031,16.89131381,47.16445003,1.0
172.265625,0.5278062,0.40272918,0.5196856,0.3862343,0.30644304,0.35799974,0.28518307,0.346926,0.3141546,0.34559008,0.41124058,0.3952812,0.20240699,3061.344217,3000.472738,6820.400166,0.128838949,-56.13773,62.488274,22.787725,17.5919,-5.054643,13.613549,6.1206293,8.487232,-2.9494605,4.1800537,5.0510473,8.540836,2.9913297,7.4825788,-2.8348303,4.063692,-3.6562972,1.2806047,-2.9933414,-1.4236706,-2.79e-09,-1.74e-09,3.48e-10,-6.97e-10,-2.09e-09,-1.48e-09,2.44e-09,-3.48e-10,-8.71e-11,0.0,-3.05e-10,-3.48e-10,-9.15e-10,-8.28e-10,-7.4e-10,2.61e-10,-6.97e-10,-1.13e-09,1.31e-09,-2.61e-10,-0.030725724,0.078277824,0.024068311,-0.041305757,0.013254578,-0.009807494,17.38995179,14.40681425,18.61420216,18.50726524,17.15402433,16.95110917,49.01192089,1.0
143.5546875,0.47104487,0.44426277,0.37069073,0.37822962,0.38282484,0.46017775,0.34288037,0.32512203,0.35096502,0.383087,0.5768989,0.47195703,0.1862999,2783.592237,2568.450314,5580.434606,0.145495602,-28.216959,68.27386,-14.709928,26.953314,-2.4426641,17.36235,6.2032585,4.4585214,3.4071598,-1.3171508,-3.86013,4.36234,-4.869881,3.958813,-3.2881444,1.3282923,-5.270252,0.75753266,-7.4782243,-1.1341535,-0.002937897,-0.001167808,0.001656923,-0.0006214,-0.002298752,-0.000950169,-0.000693186,-0.001211835,-0.00048251,-0.000600384,-0.001469297,-0.000679291,3.97e-05,-0.000963727,-0.001402264,-0.000718067,-0.000455357,-0.000232941,1.54e-06,-0.000718779,-0.040736518,0.02723316,-0.019425809,-0.014451972,0.008285322,-0.014357852,19.66765891,14.58876594,18.11604681,17.30752121,16.4889659,17.74226789,49.76603476,1.0
129.1992188,0.35067356,0.2988955,0.4573823,0.43227527,0.311377,0.3913725,0.306056,0.37010023,0.29496226,0.30891734,0.2752623,0.27525672,0.24243335,2936.431434,2884.453274,6397.654994,0.122306799,-38.826317,67.211,8.158183,17.572372,2.6904175,10.08147,-1.8630624,-0.1706252,0.67082155,6.431452,3.2297246,5.353737,-0.41665462,2.1958747,-3.8665729,2.003758,-6.7858577,2.73731,-1.853414,-0.414031,0.002407922,0.002314521,0.001701609,0.000688711,0.000607364,0.000359815,0.000356767,0.000445501,0.000912071,0.000699,-0.000203164,0.000239126,0.000893548,0.000125092,0.000414364,0.000541893,0.000167022,0.000360325,-0.000243072,2.97e-05,-0.02485921,0.083578986,0.039449286,-0.007370566,0.001897827,0.006906622,18.06871277,15.01466646,19.17133544,17.18243147,17.65350848,17.35182953,47.40732284,1.0
103.359375,0.38881108,0.45515698,0.3529358,0.46829513,0.36415473,0.4637086,0.42125198,0.36446813,0.48232326,0.34620532,0.3287257,0.29747143,0.26120546,2707.509713,2820.461204,6123.267914,0.115990654,-36.45838,79.407524,8.994693,13.344954,-2.5397186,8.4008255,-0.84497285,8.213536,-6.245964,6.191268,1.2664604,6.869665,-3.0894358,5.391147,-6.8673944,5.38296,-4.8206615,8.761087,0.56159365,5.8288054,0.010664804,0.00818749,0.001861755,-0.000280051,-0.002292462,0.000678978,-0.000188291,-0.000796635,-0.001247984,-0.00188053,7.87e-05,-0.00121641,-0.001518813,-0.000841573,-0.000798227,-0.000175399,3.85e-05,-0.000308906,0.000938791,0.001260378,-0.038842285,-0.018330092,0.008434497,0.033171539,-0.000546737,0.002569864,18.0645676,13.24532638,17.41722319,18.54837345,19.44257822,18.07682902,59.98399114,1.0
172.265625,0.39324057,0.35617158,0.28239593,0.32195327,0.3410577,0.46516538,0.45638913,0.44154295,0.4493597,0.34321386,0.31423172,0.29383928,0.18113096,2703.957993,2681.648023,5740.609669,0.126809269,-66.40495,75.61935,-2.9998353,16.484493,3.9703882,9.21295,-0.7656457,-1.3461076,1.3856691,9.148699,2.316214,1.3555242,-2.6747503,0.11930223,-2.5647323,0.15690078,-5.0105186,4.5926857,0.456264,1.3304538,0.002732865,0.002143218,-2.83e-06,-0.000639311,-0.000911626,-0.001016507,-0.001547274,-0.001291581,-0.000265342,6.6e-05,1.2e-05,-0.000519283,-0.000942554,-0.00088121,-0.000880223,-0.00085909,-0.000668221,-3.93e-05,0.000374945,1.05e-06,-0.033291224,0.056614049,-0.02608129,-0.024823178,-0.015236001,-0.003685033,17.6205804,15.23199714,18.19483277,18.10053792,18.7210486,17.91015331,47.6335941,1.0
112.3471467,0.5211989,0.35458896,0.3523208,0.35135165,0.44631124,0.36940575,0.35878855,0.39302397,0.4025903,0.5098256,0.39983293,0.49089515,0.2432617,2536.138647,2846.268816,6032.210855,0.093474947,-50.71693,83.845955,15.580541,15.401346,10.841618,11.85299,0.10238251,8.137726,-5.315393,3.3016782,2.2421298,2.320393,0.96332276,1.6063273,-3.835483,1.8839225,-3.7393389,0.3639281,-4.2106414,0.022562802,0.000843903,0.001299608,0.00102241,0.000806188,0.000633773,0.000405886,0.00022942,0.000171996,3.92e-05,-2.51e-05,4.37e-05,-2.63e-05,0.0001,0.000222916,0.000228172,0.000330854,0.000365581,0.000244916,0.000369093,0.000231945,0.04384034,0.02816416,-0.012802984,0.057548466,0.005212721,0.006306612,18.85035896,14.80590764,17.58932927,16.97593983,17.05957741,16.570813,46.91551522,1.0
117.4538352,0.352344,0.3136779,0.45487234,0.352932,0.42572385,0.4921002,0.34187502,0.36277068,0.37995905,0.49571,0.3594572,0.33960664,0.25547883,3010.922664,2784.537176,6325.305325,0.14265177,-40.264942,60.645027,3.0807447,18.443598,6.275663,8.733918,0.88280123,4.0800953,-2.120288,6.284125,0.2856217,4.009353,4.2274446,3.553113,-4.048034,5.217908,-1.720304,7.926738,4.354143,7.7524652,3.45e-09,0.0,-5.93e-10,1.29e-09,0.0,2.16e-10,-6.47e-10,1.19e-09,0.0,2.35e-09,-9.71e-10,-9.17e-10,2.05e-09,-1.4e-09,7.55e-10,8.63e-10,-1.08e-10,6.47e-10,-1.51e-09,-4.32e-10,0.04687563,0.061587358,-0.016369639,0.000557568,-0.013183391,-0.000276036,18.48561661,15.31131398,17.79235269,17.67837089,18.95749637,18.71328602,47.94777392,1.0
99.38401442,0.3750362,0.39455187,0.30380654,0.3166703,0.4038817,0.38060948,0.48031503,0.39808196,0.45722094,0.48017544,0.37036365,0.38740623,0.15197694,2990.370686,2796.923819,6429.190474,0.134395793,-85.10167,66.58348,8.76458,20.011726,0.53736013,7.94106,-6.8558335,11.315704,-5.1933093,12.767179,-2.5372396,4.9108677,-4.5264087,3.5511222,-4.280473,8.858281,-1.1823753,9.659091,-1.4962445,5.276329,0.014904478,0.006481492,-0.006702403,-0.003100933,-0.00338196,-0.002213514,0.00082643,0.001855995,0.000178743,0.000776722,-0.000616345,-0.00046075,-0.000291026,-0.00035316,0.000111193,0.000257559,0.000821724,-0.000128451,0.001171488,-0.000387015,0.019073392,-0.058914224,-0.008752549,-0.021639977,0.000709115,0.016708128,17.63319875,13.92654592,17.14196947,17.33542023,17.33824452,17.08136391,59.93109859,1.0
123.046875,0.5058137,0.3890887,0.47098455,0.49593148,0.46006736,0.5061496,0.4540365,0.53240895,0.4628381,0.4283346,0.48235285,0.43990493,0.20781627,2603.414206,2820.734084,5960.293756,0.093027081,-67.51223,78.00901,14.849368,23.865208,12.169737,13.043052,6.36413,9.338667,-4.7592864,7.235013,-0.29723966,5.801773,2.1616328,-1.3048095,0.21852675,5.5846996,-5.72224,4.5184035,-3.4781811,-2.04204,0.009871047,0.00450391,-0.00241545,-0.001747627,-0.003492916,8.32e-05,0.002316552,-0.001415256,-0.001304826,0.000582457,0.00062001,0.00027229,-0.001185756,-0.002867869,-0.000683893,0.000227901,-2.79e-05,-0.000776114,-0.0011599,0.000264742,-0.040283407,0.076763477,0.009951177,0.013003587,-0.00583648,-0.000177512,21.49835447,14.64486315,16.93166346,16.56829827,16.6598195,17.08683701,47.33074163,1.0
99.38401442,0.47820258,0.44742885,0.46598056,0.32846528,0.33968163,0.32881472,0.46298027,0.3913367,0.35933477,0.41253203,0.38998926,0.4948842,0.20997027,3223.969978,3061.994785,7188.362284,0.141858355,-46.83251,55.732048,15.911298,17.385874,3.1751487,9.230825,10.264542,5.065957,-3.1854053,1.7952205,5.982457,4.811202,-3.145837,6.1332297,0.7294545,7.2669334,-4.2152357,2.5891325,-3.3822515,0.010133029,-0.0296457,-0.002858635,-0.000678871,-0.002731647,-0.000491625,-0.000676797,0.000271887,0.00124005,0.001045417,-9.1e-05,0.000189358,-0.000255243,0.000111291,-0.000332974,0.000512689,0.000465567,0.001175574,0.00154046,0.000743727,0.000102813,0.061761796,-0.03366208,0.010051301,-0.003954343,-0.008124696,0.020184989,19.08596488,14.05352585,17.63959522,18.27499583,17.66963373,16.66891019,47.17148954,1.0
143.5546875,0.46174544,0.31017283,0.3474854,0.35744995,0.26716,0.38877097,0.32949892,0.40563542,0.25995377,0.22120968,0.25640953,0.28720558,0.23141634,2797.164961,2974.401737,6528.348149,0.137679908,-41.871685,92.04746,-5.050507,-4.906325,7.9656553,-2.1783667,2.834919,-9.954797,4.7865853,-1.4664879,-2.9570937,-0.78344315,-6.1622157,-2.0296059,-7.128698,-8.311174,-1.1852785,-6.632861,3.2490222,-0.03431073,0.001009686,-0.000640223,0.000811643,0.000111729,-0.000376949,0.000528631,0.001592263,0.000313314,0.000195838,4.82e-06,-0.000792687,-0.000124332,-0.000164982,-0.000417226,-0.000174956,0.000232656,-8.45e-06,-0.000495887,-0.000586364,-0.00074345,-0.02324883,0.094400854,0.005414235,0.050778115,-0.009214436,0.009419206,16.23554135,15.15984765,18.73720997,18.17125848,19.6839696,19.68503925,48.95564113,1.0
129.1992188,0.2870184,0.29946664,0.49230006,0.35404837,0.5030723,0.4950422,0.32505453,0.34933698,0.31325743,0.40221873,0.29323182,0.26488912,0.20708007,2552.135249,2629.100752,5477.222372,0.104736995,-71.97812,76.76146,-1.6238942,18.808382,4.7403584,6.5500703,-2.16287,1.6179016,-5.078945,3.7724483,-1.2040764,3.9408586,-1.8733143,0.40704465,-1.4387854,2.9265409,-2.608601,6.5174527,4.244588,7.062023,-7.2e-06,-1.91e-05,-1.75e-05,-7.59e-07,-8.99e-06,-1.8e-05,9.41e-06,1.97e-05,-8.26e-06,5.03e-09,3.78e-05,2.08e-05,-1.21e-05,1.8e-05,4.12e-05,-2.03e-06,-1.85e-05,2.19e-05,1.67e-05,-2.98e-05,0.018558788,0.045942743,-0.043027522,-0.028497911,-0.00418842,-0.004475952,19.57628106,16.35136988,18.64734752,17.6361204,18.72748711,17.90679599,47.76958768,1.0
92.28515625,0.39250603,0.46576583,0.40589106,0.31193432,0.3366545,0.342141,0.4684333,0.35023525,0.34298286,0.37254348,0.36780325,0.52275157,0.20457633,2720.773981,2687.753014,5871.165744,0.125715683,-38.266087,73.926094,-4.3308945,11.146537,0.03021469,6.41512,-1.7392436,3.0719876,-0.34387723,3.390013,-2.3903646,2.6802158,-2.2221992,0.22506088,-1.8047501,1.8616506,-6.3042235,0.6740017,-4.5185704,0.43393368,-0.003335507,-0.004026025,-0.002479445,-0.001119207,-0.00052144,-0.000459493,-0.000421208,-0.000214751,-7.93e-06,3.27e-05,-4.02e-05,-5.89e-05,6.71e-05,0.000286249,0.000467565,0.000511664,0.000440143,0.000377097,0.000407035,0.000462498,0.040818777,-0.063535487,-0.027870334,-0.044757772,-0.002144803,0.007044531,18.09339119,14.39106475,17.42896104,17.0579065,17.61524811,16.98479305,46.58860356,1.0
151.9990809,0.27394062,0.38332486,0.25820705,0.28658244,0.40312234,0.41215765,0.6567129,0.42568097,0.40871102,0.41739514,0.3309672,0.26405448,0.1824658,2535.2295,2756.907117,5809.799751,0.088750052,-94.06718,77.13548,10.73714,19.768692,12.198894,8.220336,2.4639258,4.2813325,-0.7359018,5.734153,1.3868698,2.461966,-0.90659356,3.542711,-1.2473191,3.8035984,2.9172359,12.572362,4.3783236,6.4945908,-0.005282712,-0.002574121,0.001227636,0.001153049,-3.05e-05,0.001162322,0.001466239,0.000358768,-0.000772171,0.000889388,-0.000569847,0.000574674,0.002022761,0.000841245,0.000119382,0.000122757,-0.000388808,-0.001173979,-0.000681319,-0.000511744,0.008061396,-0.123173712,-0.016877578,-0.089832458,0.028055651,0.034909461,20.68405989,15.15121854,19.23299559,19.32166684,19.00765258,17.92929108,47.75595856,1.0
143.5546875,0.28876343,0.27589247,0.4349424,0.38918352,0.29821676,0.3395682,0.31742388,0.43441817,0.31969416,0.40182358,0.34098908,0.24511722,0.22816558,2711.080304,2968.101939,6318.037197,0.089126038,-86.02888,72.95842,26.28499,23.263233,16.777258,12.023589,7.540076,5.47043,3.2727642,3.875648,-1.5019594,3.3978922,-1.5272064,1.7919571,0.04837293,2.2585104,2.1723087,7.2719336,-0.21316773,1.6403856,0.004211717,0.000525367,-0.001288038,0.001095698,-0.002048876,-0.000775012,0.000634487,-0.0010853,-0.000747736,-0.000422491,-0.000101699,-0.000448763,-0.000330356,-0.000117717,-0.000500825,-0.000313786,0.000436211,0.001110172,0.000310289,-0.000244303,0.062612066,0.198472686,0.096371501,-0.105410961,0.003967833,-0.002459241,21.3898031,17.75101671,21.24427619,19.86257337,19.2412047,18.44117154,47.11091409,1.0
129.1992188,0.41888687,0.35626075,0.4416077,0.372442,0.38913414,0.3932351,0.34987965,0.39348942,0.38481808,0.43147886,0.4018946,0.39790997,0.22621614,2731.944746,2815.861525,6077.939449,0.111105475,-61.037395,75.57047,6.89416,13.958449,7.7481356,6.46132,1.3669634,3.8228154,-2.1371162,3.9458876,-1.8813279,3.603425,-1.1172162,2.0399961,-1.2334598,2.4049337,-2.4928572,3.8647995,-0.4470144,4.044101,3.42e-06,-3.9e-06,1.57e-06,1.09e-06,-2.9e-06,3.26e-06,-2.35e-06,9.82e-07,-2.27e-08,-1.02e-07,-3.66e-07,7.34e-07,-3.59e-07,-8.89e-07,2.48e-06,-3.51e-06,3.26e-06,-1.6e-06,-8.5e-07,3.03e-06,0.023891736,0.034762285,-0.002953348,-0.012060599,-0.006996087,-0.007996994,19.22990714,15.44777999,17.96496444,17.47784084,18.15213233,17.44728851,47.18459735,1.0
129.1992188,0.4326895,0.3222839,0.4627783,0.41743076,0.30241767,0.3323624,0.2895421,0.4559713,0.36473617,0.35169405,0.36404407,0.29689637,0.20180178,2773.877655,2777.76574,6108.548246,0.126281864,-43.814274,75.39936,-4.09633,11.256277,3.407892,0.32403147,-3.5284913,5.8270674,-0.91387796,6.425807,2.0795052,4.858195,-1.6505016,1.8675274,-1.0683671,2.4893517,-3.0698562,3.2403114,-1.9247257,0.5897309,0.005385856,0.004069077,-0.001591396,-0.001204065,-0.002785241,-0.004014463,-2.05e-05,-6.95e-05,0.000669044,0.001910033,0.000497342,-0.001033066,-0.001596587,-0.000105579,0.000733569,-0.000247857,0.000546131,0.000423356,-0.001191874,-0.000977003,-0.025648697,0.036057976,0.006745642,0.007772037,-0.000655004,0.009720541,17.06781853,14.38920507,18.74490544,17.31878116,17.95509825,16.91553678,47.02863868,1.0
92.28515625,0.42188182,0.40442044,0.24928829,0.29925647,0.22815989,0.33449867,0.24353264,0.28376147,0.34034893,0.3272816,0.4688552,0.32072484,0.20114468,2446.3788,2609.734885,5376.818645,0.101215726,-52.90969,84.06968,2.2291083,16.94244,-3.0087247,2.858466,-5.2992377,2.4815254,-4.580702,3.8679953,2.3259404,4.943525,0.93966967,6.3514867,-0.21757215,1.9658886,-3.544095,1.398559,-3.725534,-0.7388375,-1.21e-08,-2.01e-09,-1.89e-09,-3.02e-09,3.78e-10,0.0,7.55e-10,2.52e-10,-6.3e-10,1.01e-09,-1.13e-09,-4.41e-10,-1.89e-09,1.26e-10,-5.04e-10,-8.18e-10,-8.18e-10,1.26e-09,0.0,-8.18e-10,-0.099396711,0.019404611,-0.039202494,-0.022077569,0.009677091,0.001094135,16.27768423,15.09154332,18.80447417,17.38280166,17.25738332,16.52569001,47.25973557,1.0
161.4990234,0.35041228,0.40364012,0.40095907,0.2953886,0.34279218,0.30823627,0.3855738,0.29477945,0.27565297,0.32071477,0.33737364,0.49071452,0.20792612,2454.796018,2614.129433,5514.260024,0.10002751,-46.78397,87.13923,1.1328373,13.494384,-0.3407385,11.550305,-3.6391127,10.003838,-4.9847374,3.7861407,2.618551,7.230253,1.2613502,6.24358,0.99692017,2.509977,-5.401742,1.311238,-0.52931875,1.78222,-0.022507686,-0.006406813,-0.001181431,-0.00427392,-0.003704989,-0.002483049,-0.002105015,-0.002448783,-0.001949219,-0.00160227,0.000557914,-0.000712565,-0.001496377,-0.001023394,-0.000129393,-0.001781293,-0.001502578,0.000583468,-0.001063357,-0.002128329,0.046456317,-0.055271551,0.021049604,-0.038148082,-0.003414937,-0.000135276,17.74046327,14.03450407,17.93033832,18.27151805,18.20345753,16.71103161,48.9323999,1.0
103.359375,0.37314466,0.46214443,0.38192934,0.47754714,0.3802359,0.500663,0.44859046,0.3405192,0.36900154,0.3448482,0.42393935,0.356471,0.19948055,3025.507582,2726.035559,6275.573749,0.148837615,-37.80953,62.469128,2.3313015,23.062483,-5.574378,11.923616,-7.7806435,6.2529545,-6.425179,2.033942,-0.92074543,1.960137,-3.1317177,-0.11936369,-4.7089615,1.2670351,-6.1273165,3.252322,-0.85175306,3.2386415,0.010943971,-0.000915102,0.001290072,-0.000183747,0.000366605,0.000385667,0.000157869,0.00055655,-0.000328593,0.000146938,-0.000605081,-6.45e-05,-0.000227997,0.000213183,-3.89e-05,0.000270409,-2.98e-05,-8.44e-05,-0.000231916,-0.000175282,-0.050047538,-0.008242883,-0.011560111,0.001566777,0.006401587,0.000476127,18.26011752,14.22445812,17.56165247,17.06596915,18.21922116,17.31807618,50.29291526,1.0
129.1992188,0.49988103,0.3448785,0.46406323,0.49407893,0.3575843,0.40516955,0.35216644,0.5159641,0.37172607,0.38507766,0.4445678,0.35445026,0.21172146,2727.94999,2520.662235,5615.36462,0.140305695,-20.205585,74.58571,-18.038092,17.552973,1.6344471,13.109437,-4.5021863,6.061438,-3.2694218,1.0450455,-2.9336665,2.6426857,-4.8726997,-3.0297682,-3.7526,0.26184312,-4.3028393,3.1566787,-1.6195638,0.21274664,0.005067572,0.000129569,-0.000702896,-0.000761879,-0.000689188,0.000615667,0.000336211,0.0003751,-0.00014,0.000418393,0.000276308,-0.000547346,-0.001018388,0.00049528,0.000931347,-0.000290851,0.001001126,-7.67e-05,-3.73e-05,0.000330446,-0.024598134,0.060771005,0.032534406,-0.007292035,0.006436793,0.00998664,15.9914294,13.68755689,17.01628877,16.84865464,17.66995906,17.41110808,49.42208566,1.0
99.38401442,0.27915803,0.37537935,0.46649644,0.34762192,0.49311534,0.43561208,0.3136817,0.35037065,0.40134445,0.5115133,0.47190312,0.3438716,0.13851094,2917.471866,2835.440809,6438.8268,0.127353739,-80.97817,65.41352,0.63319504,7.9989514,1.8645589,14.087363,-6.1377506,5.949188,0.4618246,4.466523,2.3028378,5.5186305,-4.586285,2.5343328,-0.34292832,1.5004978,-1.1768094,4.181791,-2.9258347,0.40277222,0.00124632,0.008849386,0.00435737,-0.002258696,-0.001314067,0.000572171,-0.001066228,0.002049861,0.00123435,-0.001009063,0.001008942,0.000722669,0.003687405,0.001755229,-0.001267843,-0.000358428,-0.001932674,0.001266161,4.38e-06,-0.000182434,0.038114156,-0.008945601,-2.86e-05,0.004542743,0.029007699,-0.017566696,17.61050171,14.57067722,18.91125977,18.33935925,19.24269674,17.24682734,48.4463498,1.0
151.9990809,0.43312788,0.3925202,0.50730735,0.3959896,0.3568648,0.38942403,0.362125,0.41799438,0.3491628,0.4292733,0.46291983,0.3862734,0.22643355,2298.452565,2636.483859,5314.302246,0.087693484,-55.090473,90.02769,9.978065,18.331137,5.883991,13.534473,-6.6989923,3.527059,-1.436092,4.4132204,2.3927429,6.075591,-0.11877546,3.6675773,-1.788613,0.33742657,-7.1182003,0.19902068,-3.5373561,-1.0999298,-0.000710699,-0.001325063,-0.001384906,-0.00079792,-0.000564689,-0.000660112,-0.000624573,-0.000620931,-0.000450549,-4.06e-05,0.000134278,4.31e-05,3.38e-05,0.000279532,0.000493254,0.000150352,-0.000372487,-0.000356079,-0.000124624,3.42e-05,0.00957748,0.053981535,0.041871535,-0.054383856,0.010069284,0.001301762,18.19312864,14.28085941,17.27910751,16.72786958,17.8274326,16.44103958,48.66865652,1.0
99.38401442,0.41967788,0.3898963,0.33637005,0.41312286,0.37902468,0.46668088,0.37826085,0.42399535,0.5137433,0.43907383,0.47294986,0.35101745,0.08315919,2831.092343,2861.614753,6308.11436,0.125721612,-129.92899,70.760475,11.429886,23.089752,6.5806723,8.711602,2.838889,9.733274,0.2755651,4.8594832,2.6716344,7.1392035,0.2384368,4.833184,0.11203534,2.0198674,-4.337198,2.1342847,-2.3058531,-0.19846508,-0.005056092,0.00151317,-0.000363471,-0.000723094,-0.000490645,-0.00043126,0.000359248,0.00066529,0.000926001,0.000235514,8.58e-05,4.53e-05,0.000362396,0.000544311,0.000439595,0.000162896,0.000364958,-0.000196456,-8.31e-06,0.00030499,-0.060668429,0.009341587,-0.023445475,-0.004922334,-0.004526204,-0.003080149,17.30081401,13.90916305,17.50924468,17.83086475,17.22132812,16.42726798,47.02297693,1.0
151.9990809,0.28016493,0.4365505,0.33958092,0.36872485,0.41602117,0.3347103,0.4542709,0.2792508,0.28765783,0.22455783,0.22396663,0.24673009,0.18241046,2943.62382,2706.809474,6163.000146,0.143642153,-40.581547,62.180847,-10.502902,15.046829,-0.59255576,13.446381,0.6585459,2.706623,-3.1236548,4.7341194,4.884823,5.6554685,-2.86002,-1.8758806,-1.9818953,0.30301926,-4.7169843,1.1513331,-1.5994585,5.3530564,0.020765468,0.011180827,0.001872133,0.001912359,0.000621018,-0.001185798,-0.001658972,-0.0013881,-0.002339246,-0.002094118,-0.000258594,0.000162818,-0.002203271,-0.001931453,-0.000353766,-0.001164859,-0.001475958,0.000419356,-0.000362345,-0.000570981,-0.002389672,-0.102372052,-0.012531404,-0.030997392,0.006845796,0.004396584,17.66334077,13.62044954,17.40797025,19.00296157,18.27956152,17.99641892,49.63724553,1.0
99.38401442,0.25143895,0.3545717,0.2907152,0.39556685,0.31755322,0.30099407,0.32703993,0.28005812,0.38931614,0.36621302,0.3417708,0.32855788,0.21018557,2933.792163,2840.885812,6486.62329,0.132396705,-42.529762,68.21769,2.005286,10.635997,3.257353,5.4164586,-3.1473675,9.213775,-4.152751,3.760053,0.82243264,4.1174965,-1.5588338,5.1018157,-1.5724086,3.0435925,-1.1159577,4.5440583,-3.0523837,-2.8467956,2.67e-09,4e-09,1.42e-09,-9.17e-10,-1.83e-09,4.17e-10,-1.38e-09,2.17e-09,-1e-09,1.08e-09,4.17e-10,-1.42e-09,9.59e-10,-7.5e-10,4.17e-10,1.46e-10,4.17e-10,-1.46e-09,-8.34e-10,1.67e-10,-0.045395649,-0.054655255,0.033964404,0.022245187,-0.001990135,-0.004409483,17.9128117,13.71355471,18.82760656,19.44145302,18.7795854,17.43355776,48.66431065,1.0
143.5546875,0.35025144,0.38330802,0.39076412,0.32111573,0.4107581,0.35442585,0.49326676,0.3686852,0.2847847,0.3337989,0.34192023,0.42918622,0.24796227,2373.399224,2551.376138,5291.618688,0.100429631,-31.553526,88.55782,-1.4880223,14.83361,-0.17714083,13.669775,-3.6867805,9.052235,-2.6850805,6.9088492,1.537766,7.392368,-0.21243209,1.4490284,-3.0236428,0.67134315,-6.229648,3.4744322,0.5759611,4.143141,-0.000681337,0.000311299,7.81e-05,-0.000420522,0.000145912,1.7e-05,0.000302309,4.82e-05,-0.000195259,9.84e-05,9.29e-05,6.03e-05,-0.000107458,-9.37e-05,-1.87e-05,0.000245392,0.000138936,-0.00023688,0.000104813,-0.000165046,0.054939458,-0.047527863,0.00772542,-0.027763259,-0.000420588,0.010220738,17.61307126,14.6508003,17.49736684,17.6867802,18.95413178,17.39784741,48.70429848,1.0
151.9990809,0.46351668,0.34878814,0.38440815,0.35768053,0.5529071,0.4192447,0.31398395,0.37181634,0.36131138,0.4493624,0.34122455,0.39213488,0.2170987,3109.783717,2773.808754,6395.597308,0.162424015,-36.430862,56.357494,1.5034851,24.648252,-2.1867476,16.372583,1.481239,8.118797,-1.3748478,2.3019257,-3.229683,3.8378356,-3.7507873,3.5572329,-1.7164525,2.3361666,-4.5032616,0.42555285,-3.56954,1.3602269,0.000802714,0.00103699,0.000786324,0.000486636,0.000237444,8.26e-05,4.73e-06,-3.83e-05,-7.04e-05,-8.4e-05,-6.08e-05,-2.49e-06,6.03e-05,8.93e-05,6.96e-05,2.19e-05,-1.57e-05,-1.89e-05,4.81e-06,2.77e-05,0.059031546,0.007475632,-0.021367727,0.059760716,0.011593859,0.000232887,15.45070573,14.91958247,17.65462709,17.97783763,17.4980453,17.49397741,48.11915438,1.0
143.5546875,0.41738564,0.31699196,0.42020887,0.28674102,0.42472723,0.40753588,0.24102621,0.2476074,0.21754394,0.32226646,0.3193929,0.29427278,0.19181614,2913.268975,2843.793733,6351.149872,0.131244812,-62.803833,69.76812,11.059063,12.198617,-3.6887906,6.8313427,-3.160895,1.4602487,-9.697009,3.6696882,3.2735298,5.90424,1.1274588,2.988341,-1.0396321,0.9441259,-2.9232116,1.6401004,-4.518647,4.305477,-0.000398248,-0.000394432,-6.26e-05,0.000119311,8.38e-05,3.39e-05,9.69e-05,0.000185171,0.00017133,3.97e-05,-8.78e-05,-8.29e-05,2.49e-05,0.000108001,0.000110081,9.35e-05,0.000140643,0.000201913,0.000154128,2.59e-05,0.036921012,0.087016971,-0.024882514,0.012458613,0.00238636,0.009180953,16.64568876,14.9847055,19.58373401,18.76197211,19.32386082,18.18539736,48.5847469,1.0
117.4538352,0.38602296,0.4306518,0.3423123,0.39718923,0.4006369,0.34886262,0.3703921,0.39164412,0.5457816,0.5087877,0.4312477,0.45076063,0.20574974,2486.521145,2732.905124,5723.534883,0.099126972,-63.93866,81.73946,6.82521,17.950277,6.8849907,11.878246,-0.037230432,8.282615,-0.81804645,8.902931,1.5577129,5.4402003,0.5444114,4.300706,0.4620967,4.8157372,-3.3484623,3.2251842,-4.2327743,-1.9570674,-0.001623824,-0.000465192,0.001880211,0.001464365,0.000163849,6.6e-05,0.000235391,-8.42e-05,-0.000427391,-0.000600461,-0.000480653,-0.000131941,0.000273032,0.000426443,-3.92e-05,-0.000301593,0.000131262,7.08e-05,-0.000388223,-0.000323524,-0.027818442,-0.036444831,-0.062263157,0.043519697,0.002512281,0.001149794,16.33759968,14.19035614,17.36869562,17.3103682,17.89964833,16.95087851,48.06754494,1.0
99.38401442,0.4512785,0.50764936,0.4415471,0.38408852,0.37152427,0.34504318,0.40566182,0.33231592,0.3477971,0.3656041,0.40481246,0.55802697,0.22452591,2323.065714,2428.774489,4925.509528,0.102891819,-34.75976,90.259674,-12.316464,20.902813,4.246499,8.090687,-3.3558009,7.763864,-2.8861575,5.9200397,0.986546,5.5122595,-0.4439374,1.3284177,-2.0268307,1.5460949,-4.723943,2.2729585,-1.5103034,1.4279873,0.002636151,0.002932305,0.001193289,-0.000215871,-0.000620893,-0.000355337,-8.78e-05,-5.78e-05,-6.84e-05,2.91e-05,0.000127458,9.96e-05,1.99e-06,-4.33e-05,-2.61e-05,-2.44e-06,3.55e-05,0.000119284,0.000183211,0.000119789,0.035759734,-0.029545752,0.010693019,-0.026570063,-0.000625542,0.01298072,17.3132055,13.96020275,16.86233876,16.61208327,17.35661078,16.80821823,48.7635172,1.0
117.4538352,0.41538918,0.42089495,0.31542695,0.37425274,0.3649152,0.54031277,0.421484,0.37192848,0.41320732,0.3702097,0.44303185,0.32465947,0.23157121,2521.96194,2713.522155,5762.625237,0.100494642,-49.914925,81.24764,7.374257,16.306826,0.92836756,8.677081,-2.8921773,5.2880287,-2.7422037,4.84705,2.9923217,4.90012,2.195254,3.6122928,-1.2653474,-0.25912127,-4.520979,1.783252,-3.0539281,1.6263509,0.010882916,0.003331413,-0.0004332,0.001601429,0.001533874,-0.001387124,0.000371964,-0.001815108,-0.000831774,-0.000175859,-0.000741911,9.66e-05,-0.000663459,0.000384676,0.000688652,7.89e-05,0.000314449,0.000133968,-0.000195326,0.000182554,-0.073731271,0.020826421,-0.02889188,-0.008086174,0.006858692,-0.007780273,19.40679605,14.64135727,18.42483516,17.93093046,18.59557187,17.85002268,47.89017991,1.0
103.359375,0.4494009,0.29208082,0.37023258,0.31427044,0.38716823,0.2763911,0.29179946,0.3587471,0.32581067,0.43000415,0.34338078,0.45737067,0.2068809,2704.709314,2777.245247,6065.088176,0.110091278,-51.671574,74.015884,10.62807,17.745333,0.85862935,7.867301,-0.46474162,5.3922505,-7.202657,3.2572186,-1.8505697,2.7700624,-0.9271897,2.108337,-4.0609927,1.104879,-5.4207964,-1.8545674,-4.006392,-3.0133333,5.61e-09,-1.4e-09,-1.32e-09,0.0,1.05e-09,1.49e-09,0.0,7.02e-10,-1.58e-09,-1.49e-09,4.39e-11,-1.75e-10,1.4e-09,-1.27e-09,-1.49e-09,5.7e-10,3.07e-10,-3.51e-10,8.77e-11,-1.8e-09,0.099494871,-0.003686279,0.00794161,0.068622838,-0.007568776,0.005153282,19.08289604,15.45330527,18.15599823,18.2055438,18.211613,17.48502588,47.89139372,1.0
143.5546875,0.5024552,0.54166186,0.34161416,0.38118726,0.31456152,0.3923392,0.31210732,0.33234203,0.370675,0.37489843,0.47274733,0.37184072,0.218896,2929.445956,2916.40542,6551.855846,0.12912916,-37.057415,66.808044,8.803621,17.671339,10.007658,13.874215,-4.2583265,3.2121234,-3.4434395,2.116046,3.477628,4.443383,-2.3596063,2.8454792,-0.6804025,0.8860598,-5.630717,0.3087184,-4.153238,-0.82693154,-0.005247504,0.001716149,0.000192794,-0.000441232,0.000567416,5.09e-05,0.000367192,0.000208193,0.000313053,0.000917576,0.000991141,0.000555236,0.000443001,0.000103016,-0.00015477,-0.000452587,-5.11e-05,-0.000266896,0.001241536,0.000462467,-0.064319033,-0.00473613,-0.031309485,-0.003490269,0.008507043,0.003462041,15.20558731,15.01023978,18.0006612,17.72111589,18.82393383,17.26569236,47.50555473,1.0
123.046875,0.4985958,0.36161163,0.43775934,0.48000756,0.3528772,0.3566208,0.4252425,0.5376969,0.42353442,0.3679381,0.3900092,0.50785315,0.22413108,2300.857384,2600.508783,5264.508747,0.067360498,-83.97327,91.93786,4.3486814,16.83283,14.082549,15.633518,2.5151656,9.103576,-4.468478,10.701008,2.9690936,4.717239,-3.7958622,6.957646,-0.40714976,2.236625,-0.41660097,4.9066586,-0.5719047,3.1183302,8.66e-06,2.04e-06,-1.15e-05,-5.87e-06,9.56e-06,9.02e-06,-6.51e-06,-1.11e-05,2.77e-06,1.19e-05,1.22e-06,-1.14e-05,-4.99e-06,9.6e-06,8.1e-06,-6.76e-06,-1.02e-05,3.25e-06,1.11e-05,4.99e-07,0.009719383,0.040138427,0.055052075,0.042360375,-0.014629141,-0.005731849,23.18861219,15.62344259,18.67209591,18.24538978,18.20375568,16.27600634,48.30706958,1.0
143.5546875,0.2820589,0.40223524,0.3663988,0.29352108,0.32161286,0.35426158,0.6002345,0.34336725,0.30982763,0.3947238,0.28632483,0.32900822,0.1451093,2622.077931,2701.854888,5615.921421,0.091730029,-151.65009,78.31551,19.304405,11.179093,-3.2998517,-0.2060046,0.044124197,4.617813,-10.60703,7.9011264,-2.8795571,-0.81221306,2.1465423,5.0804343,0.28856197,3.6029449,2.8635008,8.998152,5.2077575,9.46701,-0.033317976,-0.01157545,-0.002316892,-0.00153069,0.001717245,-0.001038164,0.000187559,-9.02e-05,0.001332811,0.000596113,0.001654636,-0.000286324,0.001344947,0.000223759,-0.000430477,-0.000464569,-0.000384944,-0.000892503,-0.000276506,0.000537932,0.122932398,-0.144547231,-0.058870271,-0.24000002,-0.023893893,0.049199608,22.27485048,17.7883655,20.51445769,19.41945311,18.50948006,17.42802154,47.18811418,1.0
151.9990809,0.28548288,0.25555232,0.2701674,0.34049147,0.3341306,0.45043558,0.39019516,0.5761476,0.54510134,0.36102074,0.36206463,0.27970672,0.22714427,2031.463285,2303.160712,4412.518773,0.069151326,-149.04472,103.99712,28.143143,4.103084,11.433999,14.962377,-8.898683,9.461845,-0.88119817,10.040849,1.8702729,-0.2842748,-4.0713916,-2.3309035,2.16625,5.2813244,3.8564658,10.8939495,5.93979,5.999533,-1.43e-08,4.29e-09,2.33e-09,1.16e-09,9.84e-10,1.61e-09,-2.68e-10,-5.37e-10,-7.16e-10,2.68e-10,-9.84e-10,-8.95e-10,7.16e-10,8.05e-10,1.21e-09,1.16e-09,-3.58e-10,3.58e-10,7.16e-10,7.16e-10,-0.164518319,0.070606656,-0.041083683,0.011404397,-0.016277086,-0.005592245,22.91808045,16.99238194,21.36073418,20.89499985,21.35865283,18.8424258,48.2233082,1.0
172.265625,0.47643596,0.4054923,0.35379586,0.38907412,0.34847718,0.4133196,0.35634938,0.3800243,0.41928688,0.4372143,0.5759973,0.48861966,0.23417342,2610.167269,2729.435333,5722.661827,0.106711855,-86.985756,79.81439,12.767284,11.9460535,9.202485,8.123833,-2.0239215,4.8908124,-0.24036853,6.4421844,0.36604536,5.6783752,0.028455311,5.1593657,0.813373,0.28337,-1.6860523,3.1634915,-3.433444,3.8209367,-7.92e-09,-2.97e-09,-3.71e-09,-7.43e-10,-4.95e-10,4.95e-10,5.57e-10,3.71e-10,1.49e-09,1.24e-09,9.28e-10,7.43e-10,1.42e-09,-7.43e-10,-1.24e-09,1.11e-09,1.24e-10,2.48e-10,1.67e-09,-4.95e-10,-0.046143506,0.009600715,0.051397728,-0.015231653,0.008284774,-0.006819034,19.44836752,14.48407194,17.9664119,17.48818797,18.58909816,18.73950266,49.17105112,1.0
184.5703125,0.34860665,0.4174031,0.5348608,0.7030874,0.45012066,0.42759922,0.41434518,0.3666111,0.37674987,0.4190502,0.5258597,0.36998618,0.22651963,2854.46762,2846.190607,6287.555611,0.108400712,-91.395874,67.23291,19.450203,17.585258,7.8548365,14.165692,-0.24312155,12.01443,-2.367637,3.8174896,2.2226102,5.292195,-2.9573283,-1.328593,-1.0414283,-1.4774034,-4.972537,2.8343863,-2.7948544,3.3639333,-0.048926976,-0.009372111,-0.000111271,-0.001796427,0.00262048,0.002642651,0.001446807,-0.001444262,0.002358193,0.001521832,0.002643551,0.00271294,0.002955593,0.001138421,4.89e-05,-0.001618124,-0.000516064,0.000459252,0.001154176,-0.001916745,-0.038092618,0.006510416,0.020382203,-0.047779759,0.012822457,0.019527467,19.1177358,14.46229065,17.5208514,17.78160341,17.7719602,16.52401255,47.43996798,1.0
123.046875,0.41164076,0.4139788,0.26097244,0.3278894,0.26714844,0.43638423,0.348566,0.22432084,0.28031972,0.32923234,0.42975524,0.29430622,0.16391484,2445.497629,2801.964394,5717.924664,0.08430315,-107.29749,91.473595,21.529047,12.663247,10.791095,5.858037,5.9546328,-0.9033332,-1.2434171,10.476784,-8.279178,2.1222634,-3.8174667,0.8904104,-6.861981,-0.099177495,-4.3559446,0.58677673,-0.5858593,4.8218226,1.08e-08,-6.74e-10,-3.71e-09,-2.78e-09,-3.37e-10,9.27e-10,3.37e-10,5.48e-10,1.07e-09,3.37e-10,7.59e-10,-4.21e-10,-4.21e-10,-5.9e-10,8.43e-10,9.27e-10,-8.43e-11,6.74e-10,-7.16e-10,9.27e-10,-0.148006305,0.089868181,-0.077440842,-0.103861688,0.025818647,-0.000324447,21.54836423,16.52520996,19.64050527,20.11006036,19.77072452,18.5712644,48.03621049,1.0
161.4990234,0.42105666,0.32707438,0.4530703,0.51186013,0.36358252,0.40049005,0.32111308,0.38409466,0.27094254,0.2564004,0.26703256,0.28072923,0.11947445,2710.007637,2737.098359,5935.649558,0.112973795,-99.71884,78.15646,0.47340977,14.92203,-5.5515685,6.03048,-1.413516,2.7827096,-10.947151,7.127246,-6.5056076,2.917947,-4.5972633,-0.2580991,-10.952491,4.4345202,-8.210495,3.3459682,-5.842974,5.895174,0.013943687,-0.002319592,0.001229806,0.000666406,0.000299345,0.000615026,0.000641132,0.000933344,0.000159487,-0.000483546,-0.000614995,0.000721178,4.67e-05,-0.000417619,1.83e-05,7.94e-05,-0.000293063,-0.000405113,-0.000855466,-0.000144433,-0.016241031,0.085934564,0.04056642,0.019695943,-1.55e-05,0.012325839,18.25133234,14.12902675,17.1662655,16.45358433,17.08497553,17.5663932,59.86575421,1.0
123.046875,0.35229638,0.28178626,0.3413981,0.3208617,0.4757106,0.2990283,0.20889993,0.29003143,0.3680666,0.50078636,0.3375058,0.30361906,0.1957839,2464.833406,2589.180327,5342.137222,0.110561971,-60.70098,84.08095,-7.8146415,7.192867,1.5478246,-0.09467172,-4.775287,0.48068693,-6.561109,0.424363,-7.5990653,1.0643009,-5.7129707,1.5931344,-0.96589744,0.3381985,-0.7748459,4.881173,-3.1613102,0.10145916,-0.007653195,-0.008221534,-0.006035326,-0.002546704,-0.004191052,-0.000312909,-0.000813592,-0.000866682,-0.00010461,-0.000598718,-0.000818908,-0.001001906,2.53e-05,0.001256106,-0.000348005,-3.68e-05,0.000609942,-0.000391539,-0.000393314,0.00067751,0.074074171,0.003922975,-0.069012652,0.062403676,-0.009003016,0.016194785,17.04226975,15.57975589,18.21808911,18.40133715,18.84471798,17.87313348,49.24406435,1.0
107.6660156,0.3998523,0.32604164,0.41879383,0.35290775,0.30838892,0.31433126,0.2611292,0.28447092,0.26275393,0.37830234,0.3585971,0.36261865,0.23722333,2640.554093,2779.395836,5947.14692,0.113950068,-38.98347,80.26679,4.412103,9.592824,6.573627,6.034047,0.54688466,5.70447,-6.151392,-0.18221514,-3.7273066,-3.9820476,-6.13291,-1.3077785,-4.439778,-4.5152817,-6.921134,-0.3158798,-5.2698894,-1.0118055,-1.14e-08,2.85e-09,-1.07e-09,3.57e-10,2.54e-09,1.52e-09,-1.96e-09,-2.68e-10,1.78e-09,1.11e-09,0.0,-5.8e-10,-1.07e-09,-1.16e-09,1.34e-10,-9.81e-10,1.52e-09,-2.9e-10,-2.68e-10,8.03e-10,0.027278953,0.037677137,-0.004487229,0.00045413,-0.004756289,0.00700913,16.23805392,15.13297712,17.583058,18.17756781,17.96549062,16.92082827,46.55301149,1.0
135.9991776,0.33504575,0.34719115,0.3542959,0.3260603,0.42274144,0.41540748,0.56405944,0.43351617,0.3575195,0.34956744,0.36080596,0.4423651,0.29210678,2739.725594,2914.124857,6380.114132,0.104577551,-23.932772,74.66956,14.898799,16.186083,9.42775,6.6496067,-1.8991417,7.8382397,-3.8362284,1.2939043,-0.98270637,3.2405725,-2.3246448,0.2742601,-1.7482555,-3.4676604,-3.2071507,5.196838,2.8221753,9.086206,0.0,-4.32e-09,-7.56e-10,-3.46e-09,-8.64e-10,1.19e-09,-2.16e-10,2.81e-09,-1.35e-09,-1.51e-09,1.67e-09,-1.08e-09,6.48e-10,7.56e-10,-9.72e-10,5.94e-10,1.3e-09,6.48e-10,-5.4e-11,-5.4e-10,0.026571214,-0.044668768,0.012889495,-0.012010479,-0.008385924,-0.007432917,16.84955745,14.10773047,17.16069237,17.56468649,17.73309874,16.46770649,47.02018874,1.0
99.38401442,0.36011678,0.39022306,0.43855134,0.3545731,0.3936614,0.3320534,0.4352334,0.40789986,0.3991108,0.43036127,0.40737215,0.59332055,0.20310237,2756.526235,2797.615005,6016.667632,0.100417626,-67.49831,78.65439,12.946835,18.50076,9.09759,8.672971,5.7040515,8.550907,-3.26038,8.961817,0.37805015,3.2748258,-0.39001256,1.6066207,-1.1042267,1.5044922,-4.3831573,-1.8058125,-3.9031148,-0.58685625,0.004850853,0.003953136,-0.002861314,0.000539398,-0.001158193,0.000443288,-0.001973337,0.000757335,-0.002817412,-0.000991084,-0.000676457,-0.001668793,-0.000166261,-0.001362999,-0.000890228,-0.001403817,-0.000759963,-0.000161967,0.00120557,-0.00012209,0.077698376,-0.035451866,0.045752126,0.003528648,0.003033163,-0.012534684,20.74213929,15.51850871,17.73372637,18.49477273,17.72922575,17.14025136,48.25530752,1.0
151.9990809,0.3344003,0.34268785,0.30286422,0.36508662,0.36676303,0.48498884,0.3981492,0.35929704,0.44221422,0.48198727,0.5703312,0.38369524,0.21588956,2907.49866,2809.925315,6277.075171,0.12118921,-43.6651,68.86941,5.955633,23.30503,6.557691,7.3265386,0.7776023,7.107308,-2.925739,7.649047,0.9643189,4.616038,-1.1289749,4.226688,-3.6096332,2.8144076,-4.269382,3.0880353,-3.4595582,1.9449779,0.001061168,0.001486776,0.000957926,0.000306663,-0.000159073,-0.000812954,-0.001061033,-0.001127005,-0.001100737,-0.000659952,-0.000349346,-5.07e-05,0.000283303,0.000296201,0.00036005,0.000315122,8.55e-05,9.54e-05,3.78e-05,0.000100019,-0.067847915,0.021618005,0.016495305,-0.045444886,0.012006491,-0.013341583,21.0914478,14.39452192,17.46071698,16.99404684,17.9053619,17.17011108,48.5347127,1.0
92.28515625,0.3482886,0.36011013,0.46731737,0.54531246,0.7441802,0.54729366,0.48424718,0.42975286,0.35578972,0.32131705,0.3153391,0.40285206,0.28120083,2240.785685,2588.160326,5008.229006,0.065152761,-74.23831,82.84485,5.705929,26.35687,15.126291,8.957377,6.7426066,12.724293,-0.9176436,15.048645,4.682345,5.886749,-0.63321626,3.3487842,0.50703925,1.9241971,0.8646269,6.152952,4.971685,9.187868,0.001692685,0.001635748,0.000983567,0.00129352,0.001176831,0.000937098,0.001015377,0.00042258,-0.00029381,-1.04e-05,0.000317899,-0.000167429,-0.000583095,-0.000549697,-0.000572502,-0.000396733,-0.000103326,-0.000434666,-0.000772364,-0.000416109,0.073575107,-0.022436674,-0.041753128,0.033155185,-0.022922502,-0.036327049,22.67870075,15.42262811,17.70931031,17.88688084,19.05170654,18.55249864,48.35775889,1.0
143.5546875,0.43058684,0.4993192,0.37901574,0.4239041,0.46662703,0.28032818,0.26993746,0.31183138,0.49963704,0.4236729,0.41024238,0.44615474,0.32263434,2184.883783,2455.481145,4652.770666,0.072782404,-76.23334,93.43207,7.708888,16.831455,12.024805,3.8755286,5.224145,7.3042374,-7.644426,5.8216705,1.9155649,6.3140535,-2.1582077,2.1640656,-2.5514312,1.2315207,-4.328576,4.3406844,-0.43215984,4.5289493,0.027632834,1.45e-05,-0.001740036,-0.000711151,-0.001497035,0.000191774,-0.002077615,0.000256143,-0.001413205,-0.000145735,-0.001246331,0.000317252,-0.000803198,-0.000941467,4.51e-05,0.000529731,-0.001508973,-0.000370652,-0.001455258,-0.001659641,-0.034331016,-0.134348712,-0.068404341,0.094043586,-0.008064018,-0.018839886,22.00077505,16.90488145,19.78483588,19.44533733,19.29893648,18.96099874,47.63924995,1.0
112.3471467,0.31528094,0.4311714,0.45476332,0.3241384,0.40509742,0.3001096,0.3954342,0.32486272,0.30163503,0.3255948,0.3127041,0.4155196,0.19253753,2765.873533,2841.765653,6181.238823,0.11744942,-76.76363,76.9996,14.599518,16.75423,10.934958,4.526663,0.7204347,6.439966,-3.8970108,6.739506,-1.4664176,3.2332134,-1.5080366,0.002826292,-3.863781,-4.336805,-6.961289,2.2074065,-4.844886,2.061678,2.46e-06,6.31e-07,-3.23e-06,-1.82e-06,2.57e-06,2.76e-06,-1.56e-06,-3.33e-06,3.39e-07,3.45e-06,9.24e-07,-3.11e-06,-2.06e-06,2.36e-06,2.93e-06,-1.28e-06,-3.39e-06,4.29e-08,3.41e-06,1.21e-06,0.076243527,-0.070050148,0.049095194,-0.030260711,0.00456566,-0.015676741,20.60189212,15.96009698,19.42243713,18.65998682,19.73841567,18.673308,48.28448521,1.0
112.3471467,0.4536767,0.37115443,0.34152102,0.4205907,0.44727078,0.6766807,0.4360218,0.42508474,0.49166864,0.45656487,0.41790888,0.35936475,0.20870702,3320.416264,3051.394625,7239.951307,0.139526909,-43.321873,50.94609,8.607523,20.270884,11.234402,6.708766,5.8944016,7.647007,0.038164258,11.009975,2.4060285,8.033994,0.36828533,5.3445063,-0.2433839,3.6325645,-2.4088178,7.096795,3.6723294,6.611262,0.002181829,0.00293652,0.001377145,-0.000421142,-0.000976639,-0.00142449,-0.0010274,-0.000126734,0.000110485,1.18e-05,-0.000421656,-0.000570404,-0.000521979,-0.000597384,-0.00020403,-0.00010718,-0.000408933,-0.000282463,-8.72e-05,0.000206639,-0.014499248,0.029945142,-0.02274533,-0.000443476,-0.003382222,0.001178984,20.36921812,13.88709362,18.0328432,16.81134209,18.26266516,17.55296765,47.72590249,1.0
99.38401442,0.38402838,0.36389226,0.4528623,0.4923298,0.6631195,0.49270648,0.39849287,0.3691358,0.40624464,0.4115053,0.39709282,0.49035385,0.28233114,2955.260727,2933.239061,6529.954108,0.120187269,-24.096262,67.42589,7.166055,13.704066,5.976748,6.9234853,10.185058,7.9013042,-1.8898181,6.4745107,0.57108456,1.5866923,1.4148067,4.1718445,-2.0957894,3.283834,-2.0453901,1.9424546,0.65557396,5.1988034,0.000745965,-3.96e-05,-0.000751239,-0.000100734,0.000348887,0.000330512,-0.000318125,-0.000204044,0.000299394,-1.31e-05,-8.25e-05,-9.89e-05,-4.24e-06,0.000283903,-0.000109128,-0.00017266,6.81e-05,1.87e-05,0.000125408,-0.000122369,0.03949345,-0.014351974,0.040222031,0.033768015,0.005725207,-8.57e-05,18.77046466,14.78260126,16.36947569,16.70296745,16.69744899,17.16378464,46.051581,1.0
151.9990809,0.34212068,0.32989538,0.44399098,0.36835432,0.50013286,0.50825405,0.38047117,0.4302737,0.4644873,0.5042848,0.3870345,0.34939036,0.23588797,2679.12972,2719.138231,5835.888316,0.113386168,-30.500992,75.08791,0.61865634,18.369877,6.4612164,8.262024,3.289255,8.097424,-5.2586503,7.317768,3.7979033,1.3320564,0.25673157,3.5625548,-4.1486297,2.2130375,-1.7568513,1.24076,-1.1829895,3.7527556,0.001442637,0.000923192,-0.000308228,-0.000144857,-0.000177587,-0.000409013,-9.02e-05,-0.000141388,-0.000434899,-0.000165746,-5.03e-05,-0.0002756,-0.000154886,-3.8e-05,-0.000134069,6.84e-05,0.00032348,0.000267765,0.00015408,-3.7e-05,0.049835534,0.024658108,-0.051791801,0.002037743,0.001127395,-0.000907475,18.48738849,14.7840229,17.82572398,17.40488782,17.90019682,18.04244008,47.02169119,1.0
172.265625,0.4283922,0.44229937,0.47685328,0.42211267,0.4455727,0.46764183,0.57206273,0.46578875,0.40171513,0.49718955,0.49564126,0.52819306,0.24285199,1025.980845,1528.029472,2072.810564,0.031124676,-177.57402,141.4367,17.737028,16.88625,7.8278794,11.123082,0.038570687,5.748058,0.09681481,2.9163013,-0.3820773,-0.9717054,-2.1472015,1.5227764,1.0911108,2.1296575,-1.5318434,-1.308585,-1.8226142,0.7610481,-0.041119576,-0.027560784,0.001604771,0.006249934,0.004510451,0.001693708,-0.000441265,-0.00232259,0.001294157,0.003262052,0.001874065,0.001685889,-0.00018586,4.46e-05,0.002612094,0.002821207,0.001629751,0.000429901,0.000226776,2.45e-05,0.026034834,0.019207878,0.03852432,0.016727266,0.018695775,0.011126512,21.25215808,15.20401768,17.19654095,17.51120471,17.99368696,16.93007842,48.54871691,0.0
89.10290948,0.40064937,0.29165015,0.37371916,0.3220378,0.5670926,0.30829915,0.22919993,0.24356323,0.3014387,0.4895126,0.25891086,0.31731412,0.11329527,2341.521105,2460.581608,4979.835417,0.105983893,-145.42308,83.00654,7.1451025,35.932693,0.09693979,-1.6497376,-5.076691,-4.6303315,-11.24883,-3.4335961,-6.474908,-2.003332,-4.157884,-1.5330113,-5.8609924,-2.5542767,-5.7169523,0.48462892,-9.014725,-2.9448454,1.02e-08,0.0,1.59e-10,1.91e-09,0.0,-8.77e-10,4.78e-10,2.23e-09,1.83e-09,-1.2e-09,-9.57e-10,-1.28e-09,3.99e-11,6.78e-10,1.59e-10,9.57e-10,-1.59e-10,4.78e-10,-3.19e-10,-2.39e-10,0.106058625,0.010340987,-0.044694694,0.080468682,0.00023542,-0.003319988,21.96248973,16.57364247,21.62200623,21.61913296,21.09507669,21.14276714,47.86319816,0.0
117.4538352,0.39113855,0.31469765,0.35318753,0.40013483,0.5806088,0.51054806,0.40177974,0.36611342,0.3832584,0.4421983,0.34274933,0.4083815,0.25956556,1470.803963,1766.536705,2979.207211,0.058969322,-117.93389,125.5732,-7.540683,21.927301,7.932418,2.183049,5.3037677,8.566459,-4.9102592,16.593565,-0.9159369,6.0042963,3.4148903,2.3340752,-0.34828687,1.6679603,-4.2003355,5.3975983,0.076453015,3.5203943,-2.93e-09,1.46e-09,-2.38e-09,-1.83e-10,-1.37e-09,-1.83e-10,-2.2e-09,2.01e-09,1.83e-10,-9.15e-11,3.66e-10,-1.37e-10,4.58e-10,1.74e-09,9.15e-10,-5.95e-10,2.75e-10,-1.83e-10,-1.1e-09,9.15e-10,0.03362878,0.006711042,-0.042344796,0.074800494,0.005297176,0.00368015,19.73256648,14.48333582,17.99371382,17.39334141,19.18610652,22.60507046,51.36802764,0.0
172.265625,0.4283922,0.44229937,0.47685328,0.42211267,0.4455727,0.46764183,0.57206273,0.46578875,0.40171513,0.49718955,0.49564126,0.52819306,0.24285199,1025.980845,1528.029472,2072.810564,0.031124676,-177.57402,141.4367,17.737028,16.88625,7.8278794,11.123082,0.038570687,5.748058,0.09681481,2.9163013,-0.3820773,-0.9717054,-2.1472015,1.5227764,1.0911108,2.1296575,-1.5318434,-1.308585,-1.8226142,0.7610481,-0.041119576,-0.027560784,0.001604771,0.006249934,0.004510451,0.001693708,-0.000441265,-0.00232259,0.001294157,0.003262052,0.001874065,0.001685889,-0.00018586,4.46e-05,0.002612094,0.002821207,0.001629751,0.000429901,0.000226776,2.45e-05,0.026034834,0.019207878,0.03852432,0.016727266,0.018695775,0.011126512,21.25215808,15.20401768,17.19654095,17.51120471,17.99368696,16.93007842,48.54871691,0.0
89.10290948,0.40064937,0.29165015,0.37371916,0.3220378,0.5670926,0.30829915,0.22919993,0.24356323,0.3014387,0.4895126,0.25891086,0.31731412,0.11329527,2341.521105,2460.581608,4979.835417,0.105983893,-145.42308,83.00654,7.1451025,35.932693,0.09693979,-1.6497376,-5.076691,-4.6303315,-11.24883,-3.4335961,-6.474908,-2.003332,-4.157884,-1.5330113,-5.8609924,-2.5542767,-5.7169523,0.48462892,-9.014725,-2.9448454,1.02e-08,0.0,1.59e-10,1.91e-09,0.0,-8.77e-10,4.78e-10,2.23e-09,1.83e-09,-1.2e-09,-9.57e-10,-1.28e-09,3.99e-11,6.78e-10,1.59e-10,9.57e-10,-1.59e-10,4.78e-10,-3.19e-10,-2.39e-10,0.106058625,0.010340987,-0.044694694,0.080468682,0.00023542,-0.003319988,21.96248973,16.57364247,21.62200623,21.61913296,21.09507669,21.14276714,47.86319816,0.0
117.4538352,0.39113855,0.31469765,0.35318753,0.40013483,0.5806088,0.51054806,0.40177974,0.36611342,0.3832584,0.4421983,0.34274933,0.4083815,0.25956556,1470.803963,1766.536705,2979.207211,0.058969322,-117.93389,125.5732,-7.540683,21.927301,7.932418,2.183049,5.3037677,8.566459,-4.9102592,16.593565,-0.9159369,6.0042963,3.4148903,2.3340752,-0.34828687,1.6679603,-4.2003355,5.3975983,0.076453015,3.5203943,-2.93e-09,1.46e-09,-2.38e-09,-1.83e-10,-1.37e-09,-1.83e-10,-2.2e-09,2.01e-09,1.83e-10,-9.15e-11,3.66e-10,-1.37e-10,4.58e-10,1.74e-09,9.15e-10,-5.95e-10,2.75e-10,-1.83e-10,-1.1e-09,9.15e-10,0.03362878,0.006711042,-0.042344796,0.074800494,0.005297176,0.00368015,19.73256648,14.48333582,17.99371382,17.39334141,19.18610652,22.60507046,51.36802764,0.0
112.3471467,0.37527424,0.47066778,0.41964936,0.48781732,0.38037696,0.33975944,0.39816028,0.3799615,0.43103474,0.3246151,0.33537433,0.37384987,0.18007623,2638.256395,2757.357449,5905.281082,0.106842912,-70.816925,74.95482,7.1446223,20.664503,6.0814266,6.8996525,-0.9231522,4.9623713,-2.558476,6.5139937,0.7984618,7.741333,-0.57757616,0.8601454,0.11541353,2.621808,-2.900004,4.666848,-2.161979,-0.17012268,0.0,5.55e-10,-1.11e-09,4.03e-09,-1.11e-09,0.0,-1.81e-09,-9.72e-10,-6.25e-10,-8.33e-10,-5.55e-10,4.17e-10,3.47e-10,-2.01e-09,-4.17e-10,-2.08e-10,3.82e-10,-1.15e-09,5.55e-10,-3.47e-10,-0.037473258,-0.052136179,-0.011359698,0.000953092,0.017742017,0.014841557,17.64713282,14.79823937,18.26519929,17.78459518,18.08608562,18.03515279,47.42812968,1.0
117.45383522727272,0.33851993,0.30115095,0.3502602,0.3338253,0.333349,0.37055334,0.33581457,0.4278187,0.3563985,0.4078405,0.407984,0.33582172,0.18174699,2055.0543930321915,2392.595027429202,4510.659028292324,0.0770674983308363,-118.58733,95.51681,7.2388606,17.677534,6.0398192,4.7407365,-3.4241345,-1.5990722,-7.292416,-0.17808205,-2.1838813,1.3314018,-0.72916645,-0.16174728,-3.3249269,3.7539465,-1.2503111,1.606109,0.2997637,0.9026796,0.007855398,0.0029809182,-0.00042151177,0.00089655555,-7.288894e-05,0.00033926524,-0.00011135999,0.00017620959,9.154143e-05,0.00022872222,-1.0580865e-05,4.6566292e-05,-3.0685504e-05,4.5501445e-05,6.8968443e-06,0.00014232121,1.4177892e-05,5.4172528e-05,5.6897083e-05,0.0001066307,0.0199722997311213,0.0315814316076535,-0.0025048025070466,0.0079892023121224,-0.0005309197601647,-0.0045015907846482,19.49976682253089,15.293839017220629,18.48684903484152,17.38877857438392,17.78275655512114,17.530615098224164,44.84347585047853,
83.35433467741936,0.55053985,0.5905905,0.52316034,0.5092539,0.50995404,0.6095051,0.49065873,0.4077102,0.40784124,0.4307436,0.5631885,0.5636254,0.30274266,1942.8421304780509,2250.94298481064,4386.009384479272,0.0660237877064374,-88.64629,78.9936,-3.3159118,59.051723,15.184414,32.25684,6.935557,14.556355,10.095341,9.041204,3.3353868,6.81069,-2.1850083,7.6546307,0.34633097,1.6205182,-4.2789407,-1.2077758,-4.835316,1.9840658,1.0285668e-08,-1.9285629e-09,2.24999e-09,-6.4285427e-10,1.9285629e-09,-1.2857085e-09,-8.0356784e-11,2.0089197e-09,-7.2321105e-10,1.2053518e-10,1.2053518e-09,4.017839e-10,6.830327e-10,2.4107036e-10,7.6338946e-10,-1.2455301e-09,-4.0178392e-11,-1.9285629e-09,-7.0312184e-10,-6.830327e-10,-0.0674896555400281,0.0584327522686221,-0.0279407741636587,-0.0053727658473195,0.0079253394328048,-0.0106475909153948,17.45604318112141,13.81145074602632,16.219717593110428,15.965081307794025,17.643164649088195,18.499727982082792,49.68075261531588,
184.5703125,0.32988673,0.39702642,0.3262296,0.44874686,0.33775103,0.30236024,0.3529893,0.34403408,0.5130246,0.34687895,0.40752763,0.42639583,0.21922578,1446.376579869461,1780.367454551471,3026.779065220348,0.0515707126583631,-139.79982,119.088745,-0.52640015,19.44922,0.9861869,4.1685915,-5.557613,9.79208,-7.6798916,-1.08727,-3.4041915,5.165532,-4.5739884,1.091639,-0.1141887,1.7660657,-1.7619848,1.4047021,-2.4030523,-2.0735955,2.3719553e-09,-2.9649443e-09,-3.2614387e-09,-5.929888e-10,7.412361e-10,-1.9272137e-09,5.929888e-10,1.482472e-10,-8.8948326e-10,-1.482472e-10,0.0,6.671125e-10,-5.929888e-10,2.964944e-10,-8.1535967e-10,-1.1489159e-09,0.0,-1.482472e-10,-8.8948326e-10,-6.671125e-10,-0.0181809643997271,-0.0582049693111916,-0.0408200142447562,0.0679397997136363,-0.021719955259105,-0.0223859667532182,20.618363995976043,14.351675304902994,18.76772140320977,19.35723162154627,19.40657727681757,21.647053714811207,50.31326034901959,
112.34714673913044,0.5267091,0.31083202,0.41663387,0.43728468,0.33675155,0.4199903,0.32568303,0.46792614,0.35253775,0.32142892,0.36360744,0.34476772,0.23576741,1881.206006995435,2177.13394046889,3954.8562427611855,0.0675997833775146,-103.67178,109.45986,-3.6239123,13.664225,-1.4201608,-1.7020965,0.49821845,-0.8151505,-10.566639,2.453033,-0.78745663,-0.9860691,-2.7408633,3.3091419,-5.621624,-1.0671291,-4.70195,-1.4053224,-3.0745113,2.7117736,0.017804278,0.0035129706,-0.0006245036,0.00024853408,-0.0004945881,0.00020628114,-0.0001372483,0.000117349286,-0.00033150724,1.1712871e-05,-0.00017796861,0.00010791981,6.259944e-05,-1.876511e-05,-8.442668e-05,0.00019894264,-0.00016963117,0.00013593616,-4.1931144e-05,6.644849e-05,-0.1270961688655825,0.1905461989319134,0.0040353290407558,0.1647420842092996,-0.0584901034437493,0.0094070252212534,24.344493518840853,17.3798779853771,19.65373301917466,19.641091765947017,19.90216420626912,20.26543238228671,47.47215110826591,0.0
117.45383522727272,0.33851993,0.30115095,0.3502602,0.3338253,0.333349,0.37055334,0.33581457,0.4278187,0.3563985,0.4078405,0.407984,0.33582172,0.18174699,2055.0543930321915,2392.595027429202,4510.659028292324,0.0770674983308363,-118.58733,95.51681,7.2388606,17.677534,6.0398192,4.7407365,-3.4241345,-1.5990722,-7.292416,-0.17808205,-2.1838813,1.3314018,-0.72916645,-0.16174728,-3.3249269,3.7539465,-1.2503111,1.606109,0.2997637,0.9026796,0.007855398,0.0029809182,-0.00042151177,0.00089655555,-7.288894e-05,0.00033926524,-0.00011135999,0.00017620959,9.154143e-05,0.00022872222,-1.0580865e-05,4.6566292e-05,-3.0685504e-05,4.5501445e-05,6.8968443e-06,0.00014232121,1.4177892e-05,5.4172528e-05,5.6897083e-05,0.0001066307,0.0199722997311213,0.0315814316076535,-0.0025048025070466,0.0079892023121224,-0.0005309197601647,-0.0045015907846482,19.49976682253089,15.293839017220629,18.48684903484152,17.38877857438392,17.78275655512114,17.530615098224164,44.84347585047853,
83.35433467741936,0.55053985,0.5905905,0.52316034,0.5092539,0.50995404,0.6095051,0.49065873,0.4077102,0.40784124,0.4307436,0.5631885,0.5636254,0.30274266,1942.8421304780509,2250.94298481064,4386.009384479272,0.0660237877064374,-88.64629,78.9936,-3.3159118,59.051723,15.184414,32.25684,6.935557,14.556355,10.095341,9.041204,3.3353868,6.81069,-2.1850083,7.6546307,0.34633097,1.6205182,-4.2789407,-1.2077758,-4.835316,1.9840658,1.0285668e-08,-1.9285629e-09,2.24999e-09,-6.4285427e-10,1.9285629e-09,-1.2857085e-09,-8.0356784e-11,2.0089197e-09,-7.2321105e-10,1.2053518e-10,1.2053518e-09,4.017839e-10,6.830327e-10,2.4107036e-10,7.6338946e-10,-1.2455301e-09,-4.0178392e-11,-1.9285629e-09,-7.0312184e-10,-6.830327e-10,-0.0674896555400281,0.0584327522686221,-0.0279407741636587,-0.0053727658473195,0.0079253394328048,-0.0106475909153948,17.45604318112141,13.81145074602632,16.219717593110428,15.965081307794025,17.643164649088195,18.499727982082792,49.68075261531588,
184.5703125,0.32988673,0.39702642,0.3262296,0.44874686,0.33775103,0.30236024,0.3529893,0.34403408,0.5130246,0.34687895,0.40752763,0.42639583,0.21922578,1446.376579869461,1780.367454551471,3026.779065220348,0.0515707126583631,-139.79982,119.088745,-0.52640015,19.44922,0.9861869,4.1685915,-5.557613,9.79208,-7.6798916,-1.08727,-3.4041915,5.165532,-4.5739884,1.091639,-0.1141887,1.7660657,-1.7619848,1.4047021,-2.4030523,-2.0735955,2.3719553e-09,-2.9649443e-09,-3.2614387e-09,-5.929888e-10,7.412361e-10,-1.9272137e-09,5.929888e-10,1.482472e-10,-8.8948326e-10,-1.482472e-10,0.0,6.671125e-10,-5.929888e-10,2.964944e-10,-8.1535967e-10,-1.1489159e-09,0.0,-1.482472e-10,-8.8948326e-10,-6.671125e-10,-0.0181809643997271,-0.0582049693111916,-0.0408200142447562,0.0679397997136363,-0.021719955259105,-0.0223859667532182,20.618363995976043,14.351675304902994,18.76772140320977,19.35723162154627,19.40657727681757,21.647053714811207,50.31326034901959,
112.34714673913044,0.5267091,0.31083202,0.41663387,0.43728468,0.33675155,0.4199903,0.32568303,0.46792614,0.35253775,0.32142892,0.36360744,0.34476772,0.23576741,1881.206006995435,2177.13394046889,3954.8562427611855,0.0675997833775146,-103.67178,109.45986,-3.6239123,13.664225,-1.4201608,-1.7020965,0.49821845,-0.8151505,-10.566639,2.453033,-0.78745663,-0.9860691,-2.7408633,3.3091419,-5.621624,-1.0671291,-4.70195,-1.4053224,-3.0745113,2.7117736,0.017804278,0.0035129706,-0.0006245036,0.00024853408,-0.0004945881,0.00020628114,-0.0001372483,0.000117349286,-0.00033150724,1.1712871e-05,-0.00017796861,0.00010791981,6.259944e-05,-1.876511e-05,-8.442668e-05,0.00019894264,-0.00016963117,0.00013593616,-4.1931144e-05,6.644849e-05,-0.1270961688655825,0.1905461989319134,0.0040353290407558,0.1647420842092996,-0.0584901034437493,0.0094070252212534,24.344493518840853,17.3798779853771,19.65373301917466,19.641091765947017,19.90216420626912,20.26543238228671,47.47215110826591,0.0
117.45383522727272,0.33851993,0.30115095,0.3502602,0.3338253,0.333349,0.37055334,0.33581457,0.4278187,0.3563985,0.4078405,0.407984,0.33582172,0.18174699,2055.0543930321915,2392.595027429202,4510.659028292324,0.0770674983308363,-118.58733,95.51681,7.2388606,17.677534,6.0398192,4.7407365,-3.4241345,-1.5990722,-7.292416,-0.17808205,-2.1838813,1.3314018,-0.72916645,-0.16174728,-3.3249269,3.7539465,-1.2503111,1.606109,0.2997637,0.9026796,0.007855398,0.0029809182,-0.00042151177,0.00089655555,-7.288894e-05,0.00033926524,-0.00011135999,0.00017620959,9.154143e-05,0.00022872222,-1.0580865e-05,4.6566292e-05,-3.0685504e-05,4.5501445e-05,6.8968443e-06,0.00014232121,1.4177892e-05,5.4172528e-05,5.6897083e-05,0.0001066307,0.0199722997311213,0.0315814316076535,-0.0025048025070466,0.0079892023121224,-0.0005309197601647,-0.0045015907846482,19.49976682253089,15.293839017220629,18.48684903484152,17.38877857438392,17.78275655512114,17.530615098224164,44.84347585047853,
83.35433467741936,0.55053985,0.5905905,0.52316034,0.5092539,0.50995404,0.6095051,0.49065873,0.4077102,0.40784124,0.4307436,0.5631885,0.5636254,0.30274266,1942.8421304780509,2250.94298481064,4386.009384479272,0.0660237877064374,-88.64629,78.9936,-3.3159118,59.051723,15.184414,32.25684,6.935557,14.556355,10.095341,9.041204,3.3353868,6.81069,-2.1850083,7.6546307,0.34633097,1.6205182,-4.2789407,-1.2077758,-4.835316,1.9840658,1.0285668e-08,-1.9285629e-09,2.24999e-09,-6.4285427e-10,1.9285629e-09,-1.2857085e-09,-8.0356784e-11,2.0089197e-09,-7.2321105e-10,1.2053518e-10,1.2053518e-09,4.017839e-10,6.830327e-10,2.4107036e-10,7.6338946e-10,-1.2455301e-09,-4.0178392e-11,-1.9285629e-09,-7.0312184e-10,-6.830327e-10,-0.0674896555400281,0.0584327522686221,-0.0279407741636587,-0.0053727658473195,0.0079253394328048,-0.0106475909153948,17.45604318112141,13.81145074602632,16.219717593110428,15.965081307794025,17.643164649088195,18.499727982082792,49.68075261531588,
184.5703125,0.32988673,0.39702642,0.3262296,0.44874686,0.33775103,0.30236024,0.3529893,0.34403408,0.5130246,0.34687895,0.40752763,0.42639583,0.21922578,1446.376579869461,1780.367454551471,3026.779065220348,0.0515707126583631,-139.79982,119.088745,-0.52640015,19.44922,0.9861869,4.1685915,-5.557613,9.79208,-7.6798916,-1.08727,-3.4041915,5.165532,-4.5739884,1.091639,-0.1141887,1.7660657,-1.7619848,1.4047021,-2.4030523,-2.0735955,2.3719553e-09,-2.9649443e-09,-3.2614387e-09,-5.929888e-10,7.412361e-10,-1.9272137e-09,5.929888e-10,1.482472e-10,-8.8948326e-10,-1.482472e-10,0.0,6.671125e-10,-5.929888e-10,2.964944e-10,-8.1535967e-10,-1.1489159e-09,0.0,-1.482472e-10,-8.8948326e-10,-6.671125e-10,-0.0181809643997271,-0.0582049693111916,-0.0408200142447562,0.0679397997136363,-0.021719955259105,-0.0223859667532182,20.618363995976043,14.351675304902994,18.76772140320977,19.35723162154627,19.40657727681757,21.647053714811207,50.31326034901959,
112.34714673913044,0.5267091,0.31083202,0.41663387,0.43728468,0.33675155,0.4199903,0.32568303,0.46792614,0.35253775,0.32142892,0.36360744,0.34476772,0.23576741,1881.206006995435,2177.13394046889,3954.8562427611855,0.0675997833775146,-103.67178,109.45986,-3.6239123,13.664225,-1.4201608,-1.7020965,0.49821845,-0.8151505,-10.566639,2.453033,-0.78745663,-0.9860691,-2.7408633,3.3091419,-5.621624,-1.0671291,-4.70195,-1.4053224,-3.0745113,2.7117736,0.017804278,0.0035129706,-0.0006245036,0.00024853408,-0.0004945881,0.00020628114,-0.0001372483,0.000117349286,-0.00033150724,1.1712871e-05,-0.00017796861,0.00010791981,6.259944e-05,-1.876511e-05,-8.442668e-05,0.00019894264,-0.00016963117,0.00013593616,-4.1931144e-05,6.644849e-05,-0.1270961688655825,0.1905461989319134,0.0040353290407558,0.1647420842092996,-0.0584901034437493,0.0094070252212534,24.344493518840853,17.3798779853771,19.65373301917466,19.641091765947017,19.90216420626912,20.26543238228671,47.47215110826591,0.0
117.45383522727272,0.33851993,0.30115095,0.3502602,0.3338253,0.333349,0.37055334,0.33581457,0.4278187,0.3563985,0.4078405,0.407984,0.33582172,0.18174699,2055.0543930321915,2392.595027429202,4510.659028292324,0.0770674983308363,-118.58733,95.51681,7.2388606,17.677534,6.0398192,4.7407365,-3.4241345,-1.5990722,-7.292416,-0.17808205,-2.1838813,1.3314018,-0.72916645,-0.16174728,-3.3249269,3.7539465,-1.2503111,1.606109,0.2997637,0.9026796,0.007855398,0.0029809182,-0.00042151177,0.00089655555,-7.288894e-05,0.00033926524,-0.00011135999,0.00017620959,9.154143e-05,0.00022872222,-1.0580865e-05,4.6566292e-05,-3.0685504e-05,4.5501445e-05,6.8968443e-06,0.00014232121,1.4177892e-05,5.4172528e-05,5.6897083e-05,0.0001066307,0.0199722997311213,0.0315814316076535,-0.0025048025070466,0.0079892023121224,-0.0005309197601647,-0.0045015907846482,19.49976682253089,15.293839017220629,18.48684903484152,17.38877857438392,17.78275655512114,17.530615098224164,44.84347585047853,
112.34714673913044,0.5267091,0.31083202,0.41663387,0.43728468,0.33675155,0.4199903,0.32568303,0.46792614,0.35253775,0.32142892,0.36360744,0.34476772,0.23576741,1881.206006995435,2177.13394046889,3954.8562427611855,0.0675997833775146,-103.67178,109.45986,-3.6239123,13.664225,-1.4201608,-1.7020965,0.49821845,-0.8151505,-10.566639,2.453033,-0.78745663,-0.9860691,-2.7408633,3.3091419,-5.621624,-1.0671291,-4.70195,-1.4053224,-3.0745113,2.7117736,0.017804278,0.0035129706,-0.0006245036,0.00024853408,-0.0004945881,0.00020628114,-0.0001372483,0.000117349286,-0.00033150724,1.1712871e-05,-0.00017796861,0.00010791981,6.259944e-05,-1.876511e-05,-8.442668e-05,0.00019894264,-0.00016963117,0.00013593616,-4.1931144e-05,6.644849e-05,-0.1270961688655825,0.1905461989319134,0.0040353290407558,0.1647420842092996,-0.0584901034437493,0.0094070252212534,24.344493518840853,17.3798779853771,19.65373301917466,19.641091765947017,19.902164206269116,20.26543238228671,47.47215110826591,0.0
